company_name,business_type,address,phone_number,website,rating,review_count,review_snippet,opening_time,google_maps_link,review_count_num
Honeywell Automation India Limited,Automation company,·,080027 45959,https://www.honeywell.com/in/en/hail,4.4,"(1,049)","""I went there to get trained on Industrial Automation.""",,https://www.google.com/maps/place/Honeywell+Automation+India+Limited/data=!4m7!3m6!1s0x3bc2c1eb2f43577f:0x48d6dae7429007f4!8m2!3d18.51127!4d73.915844!16s%2Fg%2F1tfgh89g!19sChIJf1dDL-vBwjsR9AeQQufa1kg?authuser=0&hl=en&rclk=1,1049.0
LivFuture Automation & Security Pvt. Ltd.,Automation company,·,084484 54548,https://livfuture.com/,4.9,(993),On-site services,· Opens 8 am Tue,https://www.google.com/maps/place/LivFuture+Automation+%26+Security+Pvt.+Ltd./data=!4m7!3m6!1s0x3bc2c6c5c1555555:0xc7fc0aea32f70268!8m2!3d18.570288!4d73.9107221!16s%2Fg%2F1tdvhmft!19sChIJVVVVwcXGwjsRaAL3MuoK_Mc?authuser=0&hl=en&rclk=1,993.0
Dhanandip Automation,Automation company,·,070300 00421,http://www.dhanandip.com/,4.8,(330),"""Highly recommended for",· Opens 10 am Tue,https://www.google.com/maps/place/Dhanandip+Automation/data=!4m7!3m6!1s0x3bc295920a0f34eb:0x1267fe4fff49c748!8m2!3d18.4667096!4d73.8227794!16s%2Fg%2F11fkh05k31!19sChIJ6zQPCpKVwjsRSMdJ_0_-ZxI?authuser=0&hl=en&rclk=1,330.0
General Industrial Controls Private Limited ( GIC ),Electronics Company,·,,https://www.gicindia.com/,4.3,(172),On-site services,· Opens 9 am Tue,https://www.google.com/maps/place/General+Industrial+Controls+Private+Limited+%28+GIC+%29/data=!4m7!3m6!1s0x3bc2b9c745555555:0xe9364b8b778438c6!8m2!3d18.6257204!4d73.8284128!16s%2Fg%2F1tdp81xv!19sChIJVVVVRce5wjsRxjiEd4tLNuk?authuser=0&hl=en&rclk=1,172.0
TE Connectivity,Electronics Company,"Survey No. 166/3, Gut No. 95, Rahu Road, , Kesnand",,https://www.google.com/aclk?sa=L&ai=DChsSEwiIq6Gh0LGUAxXuJnsHHWN1L3YYACICCAEQAhoCdG0&co=1&ase=2&gclid=Cj0KCQjw_IXQBhCkARIsADqELbKo0RLA20xQxsVQpqIfWU729-r7sYxnNULP1VF9yl2dTyLlmPdnCSAaApJzEALw_wcB&cid=CAAS0wHkaFqy-klFrbLqw0g5hFpRe5DE3SoYpslt17SSL-VrlrGcp-D5Rn5kyWxLvomm_BdFxmqIzdvEKIZjQtX8xSwev6HPQnAhK91SHpcsTOPkQ3PZYzeB5Eu0jEnkHcS9cqwpdYj3XxCBMXx8pxBZVXRpZIytpM9qyWV2X0etrOhEYAHulHm6ocPtgubFSvZzVyYwZhIo2LesVqEkDgp5W3l5OvP7Dim-lSyGxJrNIfj9KHW6FiS1cL7brP54ezAVtnid0FZ7ZDQaqySlhUZ8C1CNxj2g&cce=2&category=acrcp_v1_32&sig=AOD64_3JNWwMwlUnMGgIf1Fpny4HXaK-3w&adurl&q&ctype=99&nis=6,4.5,(170),,· Opens 7:30 am Tue,https://www.google.com/maps/place/TE+Connectivity/data=!4m7!3m6!1s0x3bc2c30a8032b1e9:0x8045581be64d14f0!8m2!3d18.575159!4d74.014871!16s%2Fg%2F11ftcs1xd5!19sChIJ6bEygArDwjsR8BRN5htYRYA?authuser=0&hl=en&rclk=1,170.0
Virtuoso Projects & Engineers Pvt. Ltd. | Automation Company,Automation company,·,083800 96751,https://www.vpel.in/,4.0,(157),On-site services,· Opens 9:30 am Tue,https://www.google.com/maps/place/Virtuoso+Projects+%26+Engineers+Pvt.+Ltd.+%7C+Automation+Company/data=!4m7!3m6!1s0x3bc2c3d805118681:0xa24629139eeec53b!8m2!3d18.5434674!4d73.9362663!16s%2Fg%2F11c1xnvw_2!19sChIJgYYRBdjDwjsRO8XunhMpRqI?authuser=0&hl=en&rclk=1,157.0
FAITH AUTOMATION SYSTEMS & TOOLING PVT LTD,Automation company,·,,http://www.faithautomation.com/,4.5,(140),"""Faith automation was very good company.""",· Opens 8:30 am Tue,https://www.google.com/maps/place/FAITH+AUTOMATION+SYSTEMS+%26+TOOLING+PVT+LTD/data=!4m7!3m6!1s0x3bc2b80ab4310fc7:0x5fa75e9cce4155fe!8m2!3d18.7228371!4d73.8209125!16s%2Fg%2F11bbrn08xc!19sChIJxw8xtAq4wjsR_lVBzpxep18?authuser=0&hl=en&rclk=1,140.0
Trace Automation Pvt. Ltd,Industrial consultant,"CST No 414 Guruwar Peth Jaishankar Height Gauri, Khadakmal Ali Rd",096571 35101,http://www.traceautomationindia.in/,4.7,(122),"""Service is very fast and good quality product supplied.""",· Opens 10 am Tue,https://www.google.com/maps/place/Trace+Automation+Pvt.+Ltd/data=!4m7!3m6!1s0x3bc2c076f6ce7457:0x3f4ba2df5ea5a99a!8m2!3d18.5091829!4d73.8611014!16s%2Fg%2F11cmvt3lyy!19sChIJV3TO9nbAwjsRmqmlXt-iSz8?authuser=0&hl=en&rclk=1,122.0
"Kuksons Electronics Private Limited, Bhosari",Automation company,"Unit 14, Electronic Sadan III",020 3054 6106,https://kuksons.com/m/contact.html,3.6,(116),"""Good company for work.""",· Opens 9 am Tue,"https://www.google.com/maps/place/Kuksons+Electronics+Private+Limited,+Bhosari/data=!4m7!3m6!1s0x3bc2c065a7c56561:0x7a93cc4d06cb12aa!8m2!3d18.6407778!4d73.8338481!16s%2Fg%2F1tkbwp31!19sChIJYWXFp2XAwjsRqhLLBk3Mk3o?authuser=0&hl=en&rclk=1",116.0
"Starrbot Automations Pvt. Ltd. - Motion Sensor Light Manufacturers, Suppliers, Dealers",Automation company,"5th Floor, DNK Capital, Office no, Katraj - Kondhwa Rd",020 6766 8830,https://starrbot.com/,4.4,(110),On-site services,· Opens 9:30 am Tue,"https://www.google.com/maps/place/Starrbot+Automations+Pvt.+Ltd.+-+Motion+Sensor+Light+Manufacturers,+Suppliers,+Dealers/data=!4m7!3m6!1s0x3bc2c17b65ae9373:0xf97888e9a16f9687!8m2!3d18.4513837!4d73.8818294!16s%2Fg%2F11kgsmr_2r!19sChIJc5OuZXvBwjsRh5ZvoemIePk?authuser=0&hl=en&rclk=1",110.0
iTech Robotics & Automation Pvt.Ltd,Automation company,·,077220 65205,http://www.irobotics.co.in/,4.6,(97),"""From concept to execution, their team delivers with precision.""",· Opens 9 am Tue,https://www.google.com/maps/place/iTech+Robotics+%26+Automation+Pvt.Ltd/data=!4m7!3m6!1s0x3bc2b64de83871f9:0x54c9caf88b07e02d!8m2!3d18.7175272!4d73.8156978!16s%2Fg%2F11g6xdcmj1!19sChIJ-XE46E22wjsRLeAHi_jKyVQ?authuser=0&hl=en&rclk=1,97.0
Hiotron (India) Private Limited - Industry 4.0 solution for smart manufacturing | IoT solution for Smart factory Pune,Electronics Company,"5th Floor, Office No. 503, City Vista Tower A",077579 29093,https://www.hiotron.com/,4.4,(92),"""Excellent Team With Great Technical Knowledge""",· Opens 10 am Tue,https://www.google.com/maps/place/Hiotron+%28India%29+Private+Limited+-+Industry+4.0+solution+for+smart+manufacturing+%7C+IoT+solution+for+Smart+factory+Pune/data=!4m7!3m6!1s0x3bc2c0d23a2a5afd:0xa93dc0b5e7ba7b96!8m2!3d18.5614715!4d73.9450077!16s%2Fg%2F11b768p5vd!19sChIJ_VoqOtLAwjsRlnu657XAPak?authuser=0&hl=en&rclk=1,92.0
SP Engineers Pune - Plant 1,Automation company,·,089563 21653,http://www.spengineerspune.com/,4.6,(91),"""Excellent products
Experienced Team
Exceptional service!""",· Opens 10 am Tue,https://www.google.com/maps/place/SP+Engineers+Pune+-+Plant+1/data=!4m7!3m6!1s0x3bc2b70ae8f00a1f:0x4f1ad5057f0f077!8m2!3d18.6872909!4d73.792801!16s%2Fg%2F1ydpv9j61!19sChIJHwrw6Aq3wjsRd_DwV1Ct8QQ?authuser=0&hl=en&rclk=1,91.0
Pune Techtrol Pvt. Ltd.,Manufacturer,·,020 6634 2900,https://www.punetechtrol.com/,4.4,(89),On-site services,· Opens 9 am Tue,https://www.google.com/maps/place/Pune+Techtrol+Pvt.+Ltd./data=!4m7!3m6!1s0x3bc2b9c745555555:0x92cf4a24e4634fc!8m2!3d18.6270891!4d73.8400225!16s%2Fg%2F1txnmxkj!19sChIJVVVVRce5wjsR_DRGTqL0LAk?authuser=0&hl=en&rclk=1,89.0
iPAC Automation Pvt Ltd | Control Systems & Instrumentation,Automation company,·,092700 01751,https://www.ipacautomation.com/,4.0,(89),On-site services,· Opens 9 am Tue,https://www.google.com/maps/place/iPAC+Automation+Pvt+Ltd+%7C+Control+Systems+%26+Instrumentation/data=!4m7!3m6!1s0x3bc2c268e91165c7:0xee25ff38b41f4543!8m2!3d18.5181316!4d73.9359792!16s%2Fg%2F1hm4xxhz5!19sChIJx2UR6WjCwjsRQ0UftDj_Je4?authuser=0&hl=en&rclk=1,89.0
Hi-Tech Solutions - Automation Company & Automation Training Institute Pune,Automation company,"Office No A-104, Happy Homes, Hi-Tech Solutions, Commercial, Awhalwadi Rd",077094 20058,https://hitechindustrialsolutions.in/,5.0,(86),"""Their systems are easy to use and suitable for",· 10 pm · Opens 9 am Tue,https://www.google.com/maps/place/Hi-Tech+Solutions+-+Automation+Company+%26+Automation+Training+Institute+Pune/data=!4m7!3m6!1s0x3bc2c396628bdaff:0x2afaa91cef891e38!8m2!3d18.5737662!4d73.9867907!16s%2Fg%2F11whdjpph2!19sChIJ_9qLYpbDwjsROB6J7xyp-io?authuser=0&hl=en&rclk=1,86.0
Fori Automation India Private Limited (A Lincoln Electric Company),Automation company,"Plot No. 34, T Block, MIDC Rd",020 6311 0400,https://www.foriauto.com/,4.4,(86),"""Best project and best sarvics
T block geat no.""",· Opens 9 am Tue,https://www.google.com/maps/place/Fori+Automation+India+Private+Limited+%28A+Lincoln+Electric+Company%29/data=!4m7!3m6!1s0x3bc2b8748b5d9d43:0xbcac44b7a69c6f2c!8m2!3d18.6328024!4d73.8278263!16s%2Fg%2F1pp2w_415!19sChIJQ51di3S4wjsRLG-cprdErLw?authuser=0&hl=en&rclk=1,86.0
"Thermo Instruments – Thermo couple,Rtd,Temperature sensor/indicator,pt 100,k/j/S type thermocouples in pune,hosur, oragadam",Manufacturer,"Shop No 13/4, Ellora Shopee",098604 11186,https://www.thermocouplesrtd.com/,5.0,(84),"""Helpful Staff and good quality of sensor""",· Opens 9 am Tue,"https://www.google.com/maps/place/Thermo+Instruments+%E2%80%93+Thermo+couple,Rtd,Temperature+sensor%2Findicator,pt+100,k%2Fj%2FS+type+thermocouples+in+pune,hosur,+oragadam/data=!4m7!3m6!1s0x3bc2c749c20e7b23:0x1b7f72d8993d28f3!8m2!3d18.637417!4d73.8453586!16s%2Fg%2F11h6lzfqb6!19sChIJI3sOwknHwjsR8yg9mdhyfxs?authuser=0&hl=en&rclk=1",84.0
Renu Electronics Pvt. Ltd.,Manufacturer,"Survey No 2, 6, Baner Rd",020 2729 2840,https://www.renuelectronics.com/,4.3,(83),"""Renu Electronics is good electric company""",· Opens 9 am Tue,https://www.google.com/maps/place/Renu+Electronics+Pvt.+Ltd./data=!4m7!3m6!1s0x3bc2bcbc56588d3f:0x636e8c9c62bb5df7!8m2!3d18.5553329!4d73.7954265!16s%2Fg%2F1tm111kn!19sChIJP41YVry8wjsR9127YpyMbmM?authuser=0&hl=en&rclk=1,83.0
Square Automation,Manufacturer,"Dangat Ind. Estate, 81/2, NDA Rd",094225 48391,http://square-automation.com/,4.8,(71),"""They best to give solutions for all your",· Opens 9 am Tue,https://www.google.com/maps/place/Square+Automation/data=!4m7!3m6!1s0x3bc295f6c390a95d:0x9a7a541caa1ea225!8m2!3d18.4696155!4d73.7901259!16s%2Fg%2F11h1d9mlc!19sChIJXamQw_aVwjsRJaIeqhxUepo?authuser=0&hl=en&rclk=1,71.0
Endeavour Automation-Danfoss/Schneider/ABB/Siemens/-Schneider/Siemens/Yaskawa VFD/AC/DC/Servo Drive Repair/Repairing in Pune,Automation company,·,098605 02108,http://endeavours.in/,4.5,(68),"""The work quality was excellent, delivered on time, and priced competitively.""",· Opens 10 am Tue,https://www.google.com/maps/place/Endeavour+Automation-Danfoss%2FSchneider%2FABB%2FSiemens%2F-Schneider%2FSiemens%2FYaskawa+VFD%2FAC%2FDC%2FServo+Drive+Repair%2FRepairing+in+Pune/data=!4m7!3m6!1s0x3bc2b9d34e88bf9b:0x65a1bd4992064a16!8m2!3d18.6244722!4d73.759113!16s%2Fg%2F11fpkl2px1!19sChIJm7-ITtO5wjsRFkoGkkm9oWU?authuser=0&hl=en&rclk=1,68.0
Electronics Systems & Devices,Electronics Company,"ESD HOUSE, 55 Hadapsar Industrial Estate,",089566 01980,https://www.esd-india.com/,4.3,(68),,· Opens 8:30 am Tue,https://www.google.com/maps/place/Electronics+Systems+%26+Devices/data=!4m7!3m6!1s0x3bc2c1e555555555:0x9bc67c826243a81c!8m2!3d18.5118653!4d73.9151868!16s%2Fg%2F1td5pqt7!19sChIJVVVVVeXBwjsRHKhDYoJ8xps?authuser=0&hl=en&rclk=1,68.0
Softcon Systems Private Limited,Automation company,"S. No. 80/02, Off Mumbai- Bangalore Highway, Tathawade, next to JSPM Campus",088888 25314,https://softcon.net.in/,4.3,(67),"""Best company in the field of",· Opens 9 am Tue,https://www.google.com/maps/place/Softcon+Systems+Private+Limited/data=!4m7!3m6!1s0x3bc2b989e3703be7:0xc462cb22a90722ae!8m2!3d18.6206818!4d73.7466434!16s%2Fg%2F11gzdh_5c!19sChIJ5ztw44m5wjsRriIHqSLLYsQ?authuser=0&hl=en&rclk=1,67.0
SAS Automation Pvt. Ltd,Automation company,"58, Unit, Police Chowki, Shree Sant Dnyaneshwar Industrial Estate, Plot 59, Mohan Nagar Main Rd, near Mohanagar",077568 69619,http://www.sasautomation.in/,4.6,(65),"""Excellent company and very good""",· Opens 9 am Tue,https://www.google.com/maps/place/SAS+Automation+Pvt.+Ltd/data=!4m7!3m6!1s0x3bc2b834df48985b:0x7a02a9e9af27c5af!8m2!3d18.6456189!4d73.7992222!16s%2Fg%2F11d_8cvf8f!19sChIJW5hI3zS4wjsRr8Unr-mpAno?authuser=0&hl=en&rclk=1,65.0
CLEANOSK Automation,Manufacturer,"Sr. No. – 83/2, Anant Industrial Estate, 1st Kaman, Dangat Industrial Estate, opp. Sneha Vihar B-1 Shivane",093595 75294,https://www.cleanosk.co.in/enquiry.php,5.0,(61),"""Good Quality

Good Service

Good Delivery time""",· Opens 9 am Tue,https://www.google.com/maps/place/CLEANOSK+Automation/data=!4m7!3m6!1s0x3bc2eb28eee8aedf:0x48d1609a9c029d5f!8m2!3d18.4662878!4d73.789337!16s%2Fg%2F11s4y36v3s!19sChIJ367o7ijrwjsRX50CnJpg0Ug?authuser=0&hl=en&rclk=1,61.0
Pioneer Technology,Automation company,"Pioneer Technology Survey no. 452/1/1, Saidatta reality, Near Jai Ganesh Samrajya chowk,Alankapuram road, Opp jaywant nagar , Maharashtra Rajya Vakhar mahamandal kendra, PCMC",088888 30107,http://www.pioneerautomation.in/,4.5,(59),"""Excellent support team and genuine automation products.""",,https://www.google.com/maps/place/Pioneer+Technology/data=!4m7!3m6!1s0x3bc2b87d37af337d:0x21ead22db498facf!8m2!3d18.6487735!4d73.8555452!16s%2Fg%2F11cly6bdk9!19sChIJfTOvN324wjsRz_qYtC3S6iE?authuser=0&hl=en&rclk=1,59.0
Sourayan Technologies Pvt Ltd,Electronics manufacturer,·,077740 53012,http://www.sourayantech.com/,4.9,(57),"""M/s.Sourayan has provided good quality materials and good service.""",· Opens 9 am Tue,https://www.google.com/maps/place/Sourayan+Technologies+Pvt+Ltd/data=!4m7!3m6!1s0x3bc2c1180c988429:0x7eb2176000ef4881!8m2!3d18.4884547!4d73.8500963!16s%2Fg%2F11szf2fvg4!19sChIJKYSYDBjBwjsRgUjvAGAXsn4?authuser=0&hl=en&rclk=1,57.0
MNCAS India Private Limited,Automation company,"Survey No-317,Shrihari Chauk, Waghere colony No-4, near SUKHWANI NIKETAN",086696 69990,https://mncas.in/,4.5,(57),"""MNCAS provide best services related to",· Opens 9 am Tue,https://www.google.com/maps/place/MNCAS+India+Private+Limited/data=!4m7!3m6!1s0x3bc2b8e331703961:0xc8f911b5e350e32e!8m2!3d18.6048149!4d73.7988659!16s%2Fg%2F11f1mxqbzx!19sChIJYTlwMeO4wjsRLuNQ47UR-cg?authuser=0&hl=en&rclk=1,57.0
Sua Automation,Automation company,·,077740 51541,http://www.suaautomation.com/,4.4,(55),"""Sua Automation is material handling company!""",· Opens 9 am Tue,https://www.google.com/maps/place/Sua+Automation/data=!4m7!3m6!1s0x3bc2b80cff5a5149:0x520d154e7d8a350!8m2!3d18.6423733!4d73.8292874!16s%2Fg%2F11dzw5nn51!19sChIJSVFa_wy4wjsRUKPY51TRIAU?authuser=0&hl=en&rclk=1,55.0
Functions India || Gate Automation || Home Automation Company,Home automation company,"OFFICE NO. 132, 1st FLOOR, Ashoka Mall, Functions India, Bund Garden Rd, next to RANKA JWELLERS",092844 31611,https://functionindiagateautomation.odoo.com/,4.8,(52),On-site services,· Opens 10 am Tue,https://www.google.com/maps/place/Functions+India+%7C%7C+Gate+Automation+%7C%7C+Home+Automation+Company/data=!4m7!3m6!1s0x3bc2c7f4994e90eb:0xa89f5ee1c67c278b!8m2!3d18.5373777!4d73.8822432!16s%2Fg%2F11j4y69j_2!19sChIJ65BOmfTHwjsRiyd8xuFen6g?authuser=0&hl=en&rclk=1,52.0
Infinity Automation Systems Private Limited,Automation company,·,093256 40285,http://www.infinityautomations.com/,4.3,(51),On-site services,· Opens 8:30 am Tue,https://www.google.com/maps/place/Infinity+Automation+Systems+Private+Limited/data=!4m7!3m6!1s0x3bc2b9ab24a4f70b:0x87634e76b1c5b769!8m2!3d18.6201866!4d73.7489987!16s%2Fg%2F11hyl4l_32!19sChIJC_ekJKu5wjsRabfFsXZOY4c?authuser=0&hl=en&rclk=1,51.0
Innovative Solutions India Private Limited,Automation company,"T-62/4, Pimpri-Bhosari Road, near Major Dhyanchand Polygrass Hockey Stadium",020 2711 9521,http://www.innsol.in/,4.6,(50),"""Excellent Staff , awesome company""",· Opens 9 am Tue,https://www.google.com/maps/place/Innovative+Solutions+India+Private+Limited/data=!4m7!3m6!1s0x3bc2c78c00000001:0x88c6d52615aa4fe!8m2!3d18.6318801!4d73.8273915!16s%2Fg%2F1tvw3czh!19sChIJAQAAAIzHwjsR_qRaYVJtjAg?authuser=0&hl=en&rclk=1,50.0
Hytech Automation,Automation company,"Survey No. 38, 2/19, Pari Chowk, opposite CNG Pump",083082 45100,http://www.hytechautomation.in/,4.3,(50),"""Good place and friendly cooperative staff""",· Opens 9 am Tue,https://www.google.com/maps/place/Hytech+Automation/data=!4m7!3m6!1s0x3bc2956d220afe99:0xdb8d7cc5b5abe145!8m2!3d18.4484968!4d73.8213392!16s%2Fg%2F1pp2wwr9d!19sChIJmf4KIm2VwjsRReGrtcV8jds?authuser=0&hl=en&rclk=1,50.0
MicroSet Instrumentation & Controls,Manufacturer,"1103A, 102 Chinmay, 10, Lakaki Rd",091124 55550,https://www.microsetindia.com/,4.0,(48),"""Very good quality, fine accuracy and economical products.""",· Opens 9:30 am Tue,https://www.google.com/maps/place/MicroSet+Instrumentation+%26+Controls/data=!4m7!3m6!1s0x3bc2bf7fa8863825:0x9c654667f50a5e6b!8m2!3d18.5304584!4d73.8391893!16s%2Fg%2F1tlbmlrm!19sChIJJTiGqH-_wjsRa14K9WdGZZw?authuser=0&hl=en&rclk=1,48.0
Adept Fluidyne Pvt. Ltd,Manufacturer,·,020 2543 1474,https://www.adeptfluidyne.com/,4.3,(45),,· Opens 8:30 am Tue,https://www.google.com/maps/place/Adept+Fluidyne+Pvt.+Ltd/data=!4m7!3m6!1s0x3bc2c065a7c56561:0x1bfa155759eb4995!8m2!3d18.5018679!4d73.8232343!16s%2Fg%2F1thlljft!19sChIJYWXFp2XAwjsRlUnrWVcV-hs?authuser=0&hl=en&rclk=1,45.0
Analogic Automation Pvt. Ltd.,Automation company,"Survey No. 45/13/1&2,Sinhgad Institute of Pharmacy, Narhe Road, near Bank of Maharashtra",020 6643 6800,http://www.analogic.co.in/,4.2,(44),,· Opens 9 am Tue,https://www.google.com/maps/place/Analogic+Automation+Pvt.+Ltd./data=!4m7!3m6!1s0x3bc29524b5ea70bb:0x2e979615a9f0591e!8m2!3d18.4543656!4d73.8190415!16s%2Fg%2F11xtxg9pb!19sChIJu3DqtSSVwjsRHlnwqRWWly4?authuser=0&hl=en&rclk=1,44.0
Sapphier Automation & Instruments,Automation company,"Rajdhani Industrial CO-OP SOCIETY LTD, D-02, EL-31/13",099234 79808,http://sapphierautomation.com/,4.8,(43),"""Best service provider for all industrial automation solution.""",· Opens 10 am Tue,https://www.google.com/maps/place/Sapphier+Automation+%26+Instruments/data=!4m7!3m6!1s0x3bc2b91a3515a3a1:0x83d8cb638d2ce838!8m2!3d18.6402135!4d73.8337294!16s%2Fg%2F11gmj8290b!19sChIJoaMVNRq5wjsROOgsjWPL2IM?authuser=0&hl=en&rclk=1,43.0
UNI-TECH Automation Pvt. Ltd.,Manufacturer,"79, Survey No. Plot No.7, 2, near Ramelex Industries Limited",083900 39700,https://www.uni-techautomation.com/,4.5,(41),"""Very good company""",· Opens 9:30 am Tue,https://www.google.com/maps/place/UNI-TECH+Automation+Pvt.+Ltd./data=!4m7!3m6!1s0x3bc2959ea98d96e3:0x7db632514e2916a3!8m2!3d18.468463!4d73.792137!16s%2Fg%2F1tcvxwb0!19sChIJ45aNqZ6VwjsRoxYpTlEytn0?authuser=0&hl=en&rclk=1,41.0
AUTOMATORS INDUSTRIAL PROJECTS PVT LTD | PLC SCADA in Pune,Automation company,"Office 701 , 7TH FLOOR ANP Landmark, Bhumkar, Wakad Road",074200 04130,https://aippal.com/,4.9,(40),On-site services,· Opens 9 am Tue,https://www.google.com/maps/place/AUTOMATORS+INDUSTRIAL+PROJECTS+PVT+LTD+%7C+PLC+SCADA+in+Pune/data=!4m7!3m6!1s0x3bc2bba5748ef877:0x97c2dbe12cf63f37!8m2!3d18.6013655!4d73.7473505!16s%2Fg%2F11y9z51b26!19sChIJd_iOdKW7wjsRNz_2LOHbwpc?authuser=0&hl=en&rclk=1,40.0
HIRA AUTOMATION PVT. LTD.,Manufacturer,"Sr. No. 60/1, Hira Building, Jambhulwadi Rd, opp. VIVA SAROVAR",090110 22527,https://hiraautomation.com/,4.9,(40),"""Well done, best wishes""",· Opens 9 am Tue,https://www.google.com/maps/place/HIRA+AUTOMATION+PVT.+LTD./data=!4m7!3m6!1s0x3bc2eb2bafaf5481:0x48ca785cf18bb443!8m2!3d18.4332567!4d73.8454259!16s%2Fg%2F11cnd553q_!19sChIJgVSvryvrwjsRQ7SL8Vx4ykg?authuser=0&hl=en&rclk=1,40.0
Accuweigh Automation & Solutions Pvt. Ltd.,Automation company,·,077218 72872,http://www.accuweigh.org/,3.9,(39),On-site services,· Opens 9:30 am Tue,https://www.google.com/maps/place/Accuweigh+Automation+%26+Solutions+Pvt.+Ltd./data=!4m7!3m6!1s0x3bc29526d747a487:0x70eada3562e8f20b!8m2!3d18.4378009!4d73.8255488!16s%2Fg%2F11clzhcjgj!19sChIJh6RH1yaVwjsRC_LoYjXa6nA?authuser=0&hl=en&rclk=1,39.0
Varad Automation And Robotics PVT LTD,Automation company,Plot No.169,086699 62225,https://www.varadautomation.com/,4.8,(37),"""Very helpful tool for quality oriented",· Opens 9 am Tue,https://www.google.com/maps/place/Varad+Automation+And+Robotics+PVT+LTD/data=!4m7!3m6!1s0x3bc2b80d2e9b697f:0x5c8235e118028017!8m2!3d18.6417893!4d73.8365595!16s%2Fg%2F11byz399l5!19sChIJf2mbLg24wjsRF4ACGOE1glw?authuser=0&hl=en&rclk=1,37.0
PMP Automation Pvt. Ltd.,Automation company,"S.No.-50/10/12, Near Abhiruchi Industrial Estate, shashwat nagar, Post - Narhe, Tal. Haveli",020 2439 1385,http://www.pmpapl.com/,3.9,(37),"""Nice experience.""",· Opens 9:30 am Tue,https://www.google.com/maps/place/PMP+Automation+Pvt.+Ltd./data=!4m7!3m6!1s0x3bc2956bc58bc1db:0x6f4719083fd0dd5c!8m2!3d18.4589822!4d73.8164265!16s%2Fg%2F11cn17rfr8!19sChIJ28GLxWuVwjsRXN3QPwgZR28?authuser=0&hl=en&rclk=1,37.0
MS-PRG Automation Pvt.Ltd.,Manufacturer,·,089566 48782,https://www.prgautomation.com/index.html,4.9,(34),"""Excellent service provider in Pune for all",· Opens 9 am Tue,https://www.google.com/maps/place/MS-PRG+Automation+Pvt.Ltd./data=!4m7!3m6!1s0x3bc2c99138c02653:0x97b5d2057c0fe98a!8m2!3d18.6688714!4d73.9558971!16s%2Fg%2F11h42phs76!19sChIJUybAOJHJwjsRiukPfAXStZc?authuser=0&hl=en&rclk=1,34.0
Accurate Automation - Automation company in Pune,Automation company,"Sr. No. 232, Utsav Homes-Bhosari, B-103, 3/A",097675 74787,https://www.accurateautomationpune.com/,4.4,(33),"""... are one of the best labview",· Opens 9 am Tue,https://www.google.com/maps/place/Accurate+Automation+-+Automation+company+in+Pune/data=!4m7!3m6!1s0x3bc2b9c745555555:0xf8dc22dbb379e7ab!8m2!3d18.6186122!4d73.8394534!16s%2Fg%2F1v9gsxhr!19sChIJVVVVRce5wjsRq-d5s9si3Pg?authuser=0&hl=en&rclk=1,33.0
Secure Automation,Home automation company,"102, Amrutsiddhi, Laxmi Park Colony, near Bhide Hospital",084118 04888,http://www.secure-automation.in/,5.0,(32),On-site services,· Opens 10 am Tue,https://www.google.com/maps/place/Secure+Automation/data=!4m7!3m6!1s0x3bc2bf4903da06a1:0xfdad9f850541f01b!8m2!3d18.5045154!4d73.8443149!16s%2Fg%2F11j7ylfwmn!19sChIJoQbaA0m_wjsRG_BBBYWfrf0?authuser=0&hl=en&rclk=1,32.0
Klug Avalon Mechatronics Pvt. Ltd.,Manufacturer,·,090499 92136,https://klugavalon.com/,4.3,(31),"""One of the best in its class.""",· Opens 9 am Tue,https://www.google.com/maps/place/Klug+Avalon+Mechatronics+Pvt.+Ltd./data=!4m7!3m6!1s0x3bc2c1e555555555:0x425e8438ee889cba!8m2!3d18.4936343!4d73.9181152!16s%2Fg%2F1tfjz9jd!19sChIJVVVVVeXBwjsRupyI7jiEXkI?authuser=0&hl=en&rclk=1,31.0
INTACT Automation Private Limited,Manufacturer,"Shiv Shankar House, S. No.43 Near Xrbia, Hinjewadi Somatane Road, Mulshi, Nere",020 6744 1111,http://www.intactautomation.com/,4.2,(29),"""Good experience""",,https://www.google.com/maps/place/INTACT+Automation+Private+Limited/data=!4m7!3m6!1s0x3bc2b8bd4e596a8b:0x643dc57a745c9de7!8m2!3d18.6147621!4d73.6951621!16s%2Fg%2F11c5s78q60!19sChIJi2pZTr24wjsR551cdHrFPWQ?authuser=0&hl=en&rclk=1,29.0
Microverse Automation Pvt. Ltd.,Automation company,·,077559 67670,https://www.microversedcs.com/,4.1,(28),On-site services,· Opens 9:30 am Tue,https://www.google.com/maps/place/Microverse+Automation+Pvt.+Ltd./data=!4m7!3m6!1s0x3bc29578054b2233:0xac3aab98d6d83a42!8m2!3d18.4683758!4d73.7922877!16s%2Fg%2F11clsn8zwt!19sChIJMyJLBXiVwjsRQjrY1pirOqw?authuser=0&hl=en&rclk=1,28.0
Ridhisidhi Techno Solution Pvt. Ltd.,Manufacturer,"Rico 43/2, Karve Road, OppS.N.D.T College, Near Konark, Udyog, SBI Ln",080 4605 7777,http://www.ricocontrol.net/,3.2,(28),,· Opens 8:30 am Tue,https://www.google.com/maps/place/Ridhisidhi+Techno+Solution+Pvt.+Ltd./data=!4m7!3m6!1s0x3bc2bf92c5a56e7f:0xbc8791223e6af432!8m2!3d18.5051607!4d73.8281599!16s%2Fg%2F1pp2x574c!19sChIJf26lxZK_wjsRMvRqPiKRh7w?authuser=0&hl=en&rclk=1,28.0
"Thermo Instruments-Temperature controller and indicator manufacturer, R/S type thermocouple repair Pune, PCMC, Chakan,India",Manufacturer,"Gate no 454, adarsh nagar, morya colony no 1, near kajale petrol pump",093261 61617,http://www.thermoinstruments.co.in/,5.0,(27),"""Affordable and high-precision",· Opens 9 am Tue,"https://www.google.com/maps/place/Thermo+Instruments-Temperature+controller+and+indicator+manufacturer,+R%2FS+type+thermocouple+repair+Pune,+PCMC,+Chakan,India/data=!4m7!3m6!1s0x3bc2c76243156995:0xc9184d60a5b92ca4!8m2!3d18.6575662!4d73.8496116!16s%2Fg%2F11q_2b56_h!19sChIJlWkVQ2LHwjsRpCy5pWBNGMk?authuser=0&hl=en&rclk=1",27.0
Autobot Systems And Automation-Robot Torch Cleaning Station/Automatic Torch Cleaning Station Manufacturer in India,Automation company,"Gat no 117, Talawade Rd, opposite Pandurang Hotel",084463 64335,http://www.autobotsystems.com/,4.7,(26),"""Great team and good technical capabilities.""",· Opens 9:30 am Tue,https://www.google.com/maps/place/Autobot+Systems+And+Automation-Robot+Torch+Cleaning+Station%2FAutomatic+Torch+Cleaning+Station+Manufacturer+in+India/data=!4m7!3m6!1s0x3bc2b835288df34b:0x84a2fec4e604e9f4!8m2!3d18.6811044!4d73.7910443!16s%2Fg%2F11b77vbws8!19sChIJS_ONKDW4wjsR9OkE5sT-ooQ?authuser=0&hl=en&rclk=1,26.0
QUARK AUTOMATION PVT LTD,Automation company,"haveli, Gat no 1567, shelar vasti, chikhali, tal, dist",083202 78844,http://www.quarkautomation.com/,4.6,(26),"""Good",· Opens 9 am Tue,https://www.google.com/maps/place/QUARK+AUTOMATION+PVT+LTD/data=!4m7!3m6!1s0x3bc2c74b187aef49:0xf9cf19fec9427b02!8m2!3d18.6653725!4d73.8440596!16s%2Fg%2F11r4gwn_p0!19sChIJSe96GEvHwjsRAntCyf4Zz_k?authuser=0&hl=en&rclk=1,26.0
Jaycee Technologies Pvt Ltd,Manufacturer,"Shed No. 7, Nanekar Industry Building Survey No. 79/2 Dangat Industrial Estate",085549 82251,https://jayceetech.com/,4.5,(26),In-store shopping,· Opens 9:30 am Tue,https://www.google.com/maps/place/Jaycee+Technologies+Pvt+Ltd/data=!4m7!3m6!1s0x3bc295d534e5debd:0x34d88dce70452bcf!8m2!3d18.4689148!4d73.7938373!16s%2Fg%2F1tcv4s2z!19sChIJvd7lNNWVwjsRzytFcM6N2DQ?authuser=0&hl=en&rclk=1,26.0
Turck India Automation private limited.,Automation company,"Level 4, Link road, Baner - Balewadi Rd, near Cummins Complex",077689 33005,http://www.turck.in/,4.5,(26),,· Opens 9:30 am Tue,https://www.google.com/maps/place/Turck+India+Automation+private+limited./data=!4m7!3m6!1s0x3bc2bf6f8e39cde9:0x9ad898c06d7b9208!8m2!3d18.5680167!4d73.7751349!16s%2Fg%2F11b7hmzr3w!19sChIJ6c05jm-_wjsRCJJ7bcCY2Jo?authuser=0&hl=en&rclk=1,26.0
Banner Engineering India Pvt. Ltd.,Manufacturer,"1002, 10th Floor, 801, Senapati Bapat Rd",093721 51898,https://www.bannerengineering.com/in/en.html,4.3,(26),,· Opens 9:30 am Tue,https://www.google.com/maps/place/Banner+Engineering+India+Pvt.+Ltd./data=!4m7!3m6!1s0x3bc2bf777f767ef5:0x5fe984e71b6a6d6b!8m2!3d18.5319088!4d73.8303727!16s%2Fg%2F1vc6bv9n!19sChIJ9X52f3e_wjsRa21qG-eE6V8?authuser=0&hl=en&rclk=1,26.0
TAS India Pvt. Ltd.-SEZ Office,Automation company,·,083280 03778,http://www.tasind.com/,4.3,(26),,· Opens 9:30 am Tue,https://www.google.com/maps/place/TAS+India+Pvt.+Ltd.-SEZ+Office/data=!4m7!3m6!1s0x3bc2c1f1b434ef23:0x18607bd1dd3b533!8m2!3d18.4916706!4d73.9525379!16s%2Fg%2F11ghsfcynf!19sChIJI-80tPHBwjsRM7XTHb0HhgE?authuser=0&hl=en&rclk=1,26.0
PRAVIN ELECTRONICS & ELECTRICALS,Industrial Spares & Products Wholesaler,"311,NANA PETH,101/102 NATH MURLI BUILDING LAXMI ROAD,GHODEPIR LANE,ARUNA CHOUK",096577 25391,https://pravininstruments.com/,4.1,(26),"""Products quality is good and also multiple brands are available.""",· Opens 11 am Tue,https://www.google.com/maps/place/PRAVIN+ELECTRONICS+%26+ELECTRICALS/data=!4m7!3m6!1s0x3bc2c04277cdf53d:0x32299c7d10f76391!8m2!3d18.5152798!4d73.8654738!16s%2Fg%2F11b782vzp4!19sChIJPfXNd0LAwjsRkWP3EH2cKTI?authuser=0&hl=en&rclk=1,26.0
AlfaOne Technologies Pvt. Ltd.,Home automation company,"44, Electronic Co-Op. Estate, Satara Road, opposite Utsav Hotel",,https://www.google.com/aclk?sa=L&ai=DChsSEwiw3Ofg0LGUAxXP_0wCHfRvF6AYACICCAEQARoCdG0&co=1&ase=2&gclid=Cj0KCQjw_IXQBhCkARIsADqELbLv7MaX9mlIWItWq50Pp1tC2t5wTbkMOPAuk5FhP5Fu0lbuoS9BYDkaAp2LEALw_wcB&cid=CAAS0wHkaPo0_gPXdysjV3gvHgnAw-Bsjx-wgN3M88TNvQmBqzi8UemXXqV2yk4RGhf2QgxXEGvLFkLq_OjoDqWvuFzH9R6IY2K9KVc1j8thxt4KGb1rXzYcaFi8OgRXRVQpQS8GAmA6dAH_FXf7jXdRwj7QjvOqKGGKOvzIkWm-5ItUU-f__A5fNyUFJGJZvG4p-znR3VWmy8nx8nrubS8Suqu7aJIB-FbeboJcWOVXNbrhlCKbbKEuEhvWmAanpBgJGmOp4I5aLv4dcUqYFGYycZz2FeJ5&cce=2&category=acrcp_v1_32&sig=AOD64_2u5T5cDRLEtEIQ3bt469K1m1HKCA&adurl&q&ctype=99&nis=6,4.5,(25),,· Opens 10 am Tue,https://www.google.com/maps/place/AlfaOne+Technologies+Pvt.+Ltd./data=!4m7!3m6!1s0x3bc2eabbc4ec30cd:0x4e3d43a26b6def7d!8m2!3d18.4901334!4d73.8571809!16s%2Fg%2F11c4b6rhjg!19sChIJzTDsxLvqwjsRfe9ta6JDPU4?authuser=0&hl=en&rclk=1,25.0
Rajdeep Automation,Automation company,"143, Sinhagad Road Dhayri, Sinhagad Road Vadgaon Dhayari",020 2439 3755,http://www.rajdeep.in/,4.0,(25),,· Opens 9:15 am Tue,https://www.google.com/maps/place/Rajdeep+Automation/data=!4m7!3m6!1s0x3bc29572a806617b:0x652a8a79078c3ff0!8m2!3d18.4576094!4d73.8066848!16s%2Fg%2F1tfpy92d!19sChIJe2EGqHKVwjsR8D-MB3mKKmU?authuser=0&hl=en&rclk=1,25.0
"RV Automation - Robot, Manipulator, Integrator, robotic automation system provider in Pune",Automation company,BHAIRAV INDUSTRIAL ESTATE SR NO 25/11,070200 99776,http://www.robotautomation.in/,5.0,(24),On-site services,· Opens 8:30 am Tue,"https://www.google.com/maps/place/RV+Automation+-+Robot,+Manipulator,+Integrator,+robotic+automation+system+provider+in+Pune/data=!4m7!3m6!1s0x3bc29546de84ef8b:0x240c24377785f77c!8m2!3d18.4408396!4d73.8237729!16s%2Fg%2F11f730hxqj!19sChIJi--E3kaVwjsRfPeFdzckDCQ?authuser=0&hl=en&rclk=1",24.0
"IPCS Automation Projects , VFD Supplier and Dealer, PLC Dealer, Supplier and Programmer",Automation company,"Office No.224, 2nd Floor, behind Kundan Hyundai Thermax Chowk",090488 46664,https://ipcs.com.co/,4.8,(24),"""Best service providers for all",,"https://www.google.com/maps/place/IPCS+Automation+Projects+,+VFD+Supplier+and+Dealer,+PLC+Dealer,+Supplier+and+Programmer/data=!4m7!3m6!1s0x3bc2b7513e0b8253:0xc32072055a4be279!8m2!3d18.6625241!4d73.7925077!16s%2Fg%2F11k41x3rpr!19sChIJU4ILPlG3wjsReeJLWgVyIMM?authuser=0&hl=en&rclk=1",24.0
UL SYSTEMS AND CONTROLS INDIA PVT LTD,Automation company,"Swami Vivekand Industrial Estate, Handewadi Rd",,http://www.ulepl.com/,4.6,(24),"""Good service""",· Opens 9:30 am Tue,https://www.google.com/maps/place/UL+SYSTEMS+AND+CONTROLS+INDIA+PVT+LTD/data=!4m7!3m6!1s0x3bc2e9f79e74c6ff:0x84bf261d880af720!8m2!3d18.4781714!4d73.9388271!16s%2Fg%2F11f5dvrgr1!19sChIJ_8Z0nvfpwjsRIPcKiB0mv4Q?authuser=0&hl=en&rclk=1,24.0
Marsh Automation Pvt.Ltd.,Manufacturer,"No. 98A, 25A",095520 21799,https://www.marshautomation.com/enquiry.php,4.9,(23),On-site services,· Opens 10:30 am Tue,https://www.google.com/maps/place/Marsh+Automation+Pvt.Ltd./data=!4m7!3m6!1s0x3bc2c1e555555555:0xe5cb46bd59d64458!8m2!3d18.5068823!4d73.9152488!16s%2Fg%2F1tdjvgp4!19sChIJVVVVVeXBwjsRWETWWb1Gy-U?authuser=0&hl=en&rclk=1,23.0
Tronsoft Technologies,Automation company,"Office #14, 1st floor, Ganesh chambers, 17/3, Karve Rd, near Sonal hall",075593 49467,http://www.tronsoft.co.in/,5.0,(22),"""They have the right expertise in IOT and its",· Opens 9:30 am Tue,https://www.google.com/maps/place/Tronsoft+Technologies/data=!4m7!3m6!1s0x3bc2c118165a49ff:0x5385f572cdee125c!8m2!3d18.5101979!4d73.8346694!16s%2Fg%2F11fs4ym1jf!19sChIJ_0laFhjBwjsRXBLuzXL1hVM?authuser=0&hl=en&rclk=1,22.0
La Quanta Technology Pvt.Ltd.,Manufacturer,·,098208 06133,http://laquantatechnology.com/,5.0,(21),"""Very good company ✅✅✅✅""",· Opens 10 am Tue,https://www.google.com/maps/place/La+Quanta+Technology+Pvt.Ltd./data=!4m7!3m6!1s0x3bc2c18e9a455555:0xa92471f493cf883a!8m2!3d18.5480063!4d73.9362308!16s%2Fg%2F11gcw6dg1c!19sChIJVVVFmo7BwjsROojPk_RxJKk?authuser=0&hl=en&rclk=1,21.0
B&R Industrial Automation Pvt. Ltd.,Automation company,"Tara Heights, Old Mumbai - Pune Hwy",020 4147 8999,http://www.br-automation.com/,4.5,(21),"""Great place to visit for Automation &Robotics""",· Opens 9:30 am Tue,https://www.google.com/maps/place/B%26R+Industrial+Automation+Pvt.+Ltd./data=!4m7!3m6!1s0x3bc2953358b5de17:0xf8a4e05b3109e78d!8m2!3d18.543896!4d73.851008!16s%2Fg%2F1v3klj46!19sChIJF961WDOVwjsRjecJMVvgpPg?authuser=0&hl=en&rclk=1,21.0
OjasviT Techno Private Limited,Home automation company,"2nd floor, oppo.kotak bank, Suryaphul App, Lane No. 7",081303 90418,https://ojasvit.in/,5.0,(20),"""Really innovative technology and nice service""",· Opens 10 am Tue,https://www.google.com/maps/place/OjasviT+Techno+Private+Limited/data=!4m7!3m6!1s0x3bc2bf31208ddaef:0xc2ecd2b0380e2968!8m2!3d18.5190042!4d73.8377179!16s%2Fg%2F11v3rdlw_c!19sChIJ79qNIDG_wjsRaCkOOLDS7MI?authuser=0&hl=en&rclk=1,20.0
Perfecto Robotics Private Limited,Automation company,"B8, Shreya Business Hub",097113 67382,http://www.perfectorobotics.com/,4.6,(20),"""Very innovative and creative team.""",· Opens 9 am Tue,https://www.google.com/maps/place/Perfecto+Robotics+Private+Limited/data=!4m7!3m6!1s0x3bc2953c7b962c45:0xd2e338474be4878b!8m2!3d18.4478906!4d73.820876!16s%2Fg%2F11csb15snb!19sChIJRSyWezyVwjsRi4fkS0c449I?authuser=0&hl=en&rclk=1,20.0
"S-TECH AUTOMATION SYSTEMS -Vacuum/Flow Tester,Sealing Connector Manufacturer Pune|India,Leak Tester/Testing Machine In Pune",Automation company,"BLOCK NUMBER J BLOCK, SHOP NO 05 PLOT NO J, PAP-123, 124",098601 50299,https://www.stechautomation.in/,4.4,(20),,· Opens 9:30 am Tue,"https://www.google.com/maps/place/S-TECH+AUTOMATION+SYSTEMS+-Vacuum%2FFlow+Tester,Sealing+Connector+Manufacturer+Pune%7CIndia,Leak+Tester%2FTesting+Machine+In+Pune/data=!4m7!3m6!1s0x3bc2b87d332a691d:0xab1a26bca4690f4!8m2!3d18.6354061!4d73.8281237!16s%2Fg%2F11sjlwzxzn!19sChIJHWkqM324wjsR9JBGymuisQo?authuser=0&hl=en&rclk=1",20.0
Kneo Automation Pvt Ltd- Industrial Automation| Digitization| Industry 4.0 solutions,Manufacturer,"501-505 , Fifth floor Building- Highway Heights",077090 15122,http://kneo.in/,4.0,(20),,· Opens 9:30 am Tue,https://www.google.com/maps/place/Kneo+Automation+Pvt+Ltd-+Industrial+Automation%7C+Digitization%7C+Industry+4.0+solutions/data=!4m7!3m6!1s0x3bc2be316fb02be1:0xc34ecebb1cc3c50c!8m2!3d18.4886816!4d73.7929905!16s%2Fg%2F11c3sr7hjc!19sChIJ4SuwbzG-wjsRDMXDHLvOTsM?authuser=0&hl=en&rclk=1,20.0
"Falcon Automation Technology - PLC Panel, VFD Panel, MCC Panel, APFC Panel, PCC Panel Manufacturer in Pune, India",Automation company,"Gat No. 166, Sahyog Nagar, Tower Line Rd",072762 11433,http://falconautomation.in/,5.0,(18),"""It's right place for",· Opens 9 am Tue,"https://www.google.com/maps/place/Falcon+Automation+Technology+-+PLC+Panel,+VFD+Panel,+MCC+Panel,+APFC+Panel,+PCC+Panel+Manufacturer+in+Pune,+India/data=!4m7!3m6!1s0x3bc295d9f0346539:0x7fd18ce66eba37b2!8m2!3d18.6718392!4d73.7859091!16s%2Fg%2F11rjz4ck28!19sChIJOWU08NmVwjsRsje6buaM0X8?authuser=0&hl=en&rclk=1",18.0
Viak Automation Systems Pvt Ltd,Automation company,·,074061 41414,https://viakindia.com/,5.0,(18),"""Excellent quality work & service….!!!""",· Opens 9 am Tue,https://www.google.com/maps/place/Viak+Automation+Systems+Pvt+Ltd/data=!4m7!3m6!1s0x3bc2b70e6bb4b969:0x80231a39c60bec81!8m2!3d18.6791276!4d73.7899531!16s%2Fg%2F11pz13gf91!19sChIJabm0aw63wjsRgewLxjkaI4A?authuser=0&hl=en&rclk=1,18.0
Kobold Instruments Pvt Ltd,Manufacturer,"Near, 797/5, Renuka Bungalow, Joshi Hospital Lane, Kamala Nehru Park Rd",091689 11227,https://www.kobold.com/?mtm_campaign=Google_My_Business_KB_India,4.7,(18),"""Exceptional quality and service.""",· Opens 9 am Tue,https://www.google.com/maps/place/Kobold+Instruments+Pvt+Ltd/data=!4m7!3m6!1s0x3bc2bf91e3a7d2cb:0x9e9c5d8c8ba4e74c!8m2!3d18.5181692!4d73.8328382!16s%2Fg%2F11c71pfbg0!19sChIJy9Kn45G_wjsRTOeki4xdnJ4?authuser=0&hl=en&rclk=1,18.0
"GABRIL AUTOMATION AND SECURITY- Boom Barriers,Automatic door,sensor door,entrance automation,manufacturers and dealers",Automation company,·,,https://www.gabrilautomation.com/,5.0,(17),On-site services,· Opens 9 am Tue,"https://www.google.com/maps/place/GABRIL+AUTOMATION+AND+SECURITY-+Boom+Barriers,Automatic+door,sensor+door,entrance+automation,manufacturers+and+dealers/data=!4m7!3m6!1s0x6a8d6a7a179288e3:0x1083814ac625a546!8m2!3d18.5732624!4d73.8792573!16s%2Fg%2F11m5jftpr4!19sChIJ44iSF3pqjWoRRqUlxkqBgxA?authuser=0&hl=en&rclk=1",17.0
Swastika Automation Solutions,Automation company,"A10 , Adi Paradise Vijaynagar, near SAI EMERALD",098504 89716,https://swastikaas.in/,5.0,(17),On-site services,· Opens 9 am Tue,https://www.google.com/maps/place/Swastika+Automation+Solutions/data=!4m7!3m6!1s0x3bc2b9abbc000001:0xa84d7b802eba70e1!8m2!3d18.6214234!4d73.7931209!16s%2Fg%2F11m903rpny!19sChIJAQAAvKu5wjsR4XC6LoB7Tag?authuser=0&hl=en&rclk=1,17.0
TRIZ Automations & Robotics Pvt. Ltd. - Best Automations & Robotics in Pune India,Automation company,"Taluka - Bhor, Banglore Highway",096231 35885,http://www.trizsystems.com/,4.9,(17),"""We highly recommend TRIZ for",· Opens 9 am Tue,https://www.google.com/maps/place/TRIZ+Automations+%26+Robotics+Pvt.+Ltd.+-+Best+Automations+%26+Robotics+in+Pune+India/data=!4m7!3m6!1s0x3bc2ecc6abffffff:0xf2c6badef969b98f!8m2!3d18.3636861!4d73.8522505!16s%2Fg%2F11tk24d0vg!19sChIJ____q8bswjsRj7lp-d66xvI?authuser=0&hl=en&rclk=1,17.0
Excellence Automation and Robotics,Automation company,·,098601 47671,https://parcrobotics.in/,4.8,(17),,· Opens 9 am Tue,https://www.google.com/maps/place/Excellence+Automation+and+Robotics/data=!4m7!3m6!1s0x3bc2eab735fbb2c3:0xeb563234e2c37cd5!8m2!3d18.641892!4d73.8235809!16s%2Fg%2F11b7ftjpk4!19sChIJw7L7NbfqwjsR1XzD4jQyVus?authuser=0&hl=en&rclk=1,17.0
Inerrant Robotomation Pvt. Ltd | Electrical | Portable | Press | Laser | Integrated Marking Machine in Pune,Manufacturer,"16/10A/11, Sinhgad Rd",070309 77331,https://inerrant.co.in/,4.5,(17),"""A reliable company providing quality",,https://www.google.com/maps/place/Inerrant+Robotomation+Pvt.+Ltd+%7C+Electrical+%7C+Portable+%7C+Press+%7C+Laser+%7C+Integrated+Marking+Machine+in+Pune/data=!4m7!3m6!1s0x3bc2958674ac1c01:0x106db45209bb0635!8m2!3d18.4550139!4d73.794121!16s%2Fg%2F11j1h3rb5w!19sChIJARysdIaVwjsRNQa7CVK0bRA?authuser=0&hl=en&rclk=1,17.0
Testo India Private Limited,Manufacturer,·,020 2592 0000,https://www.testo.com/en-IN/,4.1,(16),,· Opens 9 am Tue,https://www.google.com/maps/place/Testo+India+Private+Limited/data=!4m7!3m6!1s0x3bc2bf6056211847:0xd5a475ed8ec2e089!8m2!3d18.5477502!4d73.815986!16s%2Fg%2F1tf5zr59!19sChIJRxghVmC_wjsRieDCju11pNU?authuser=0&hl=en&rclk=1,16.0
ELECTROPOINT AUTOMATION PVT. LTD.,Automation company,"Sr. No. 82, 10, inside Sneha Vihar",098224 28338,http://www.electropoint.in/,4.5,(15),On-site services,· Opens 9:30 am Tue,https://www.google.com/maps/place/ELECTROPOINT+AUTOMATION+PVT.+LTD./data=!4m7!3m6!1s0x3bc2953409a3b7ed:0xbfa02a928a0882d8!8m2!3d18.4650522!4d73.7914327!16s%2Fg%2F1tczcbmg!19sChIJ7bejCTSVwjsR2IIIipIqoL8?authuser=0&hl=en&rclk=1,15.0
Symtronics Automation Pvt. Ltd.,Manufacturer,"S-1, T Block, MIDC Bhosari",020 6611 4556,http://www.symtronicsindia.com/,4.3,(15),,· Opens 9 am Tue,https://www.google.com/maps/place/Symtronics+Automation+Pvt.+Ltd./data=!4m7!3m6!1s0x3bc2b86309c527d1:0x9a34215e83accc9a!8m2!3d18.6241126!4d73.8277452!16s%2Fg%2F1tfjtqt_!19sChIJ0SfFCWO4wjsRmsysg14hNJo?authuser=0&hl=en&rclk=1,15.0
Niteo Automation India Pvt Ltd,Manufacturer,"Plot No. 5/2/3, F II Block, behind Wonder Car",077094 00910,http://niteoindia.com/,5.0,(14),"""Top-quality engineering and outstanding customer service!""",,https://www.google.com/maps/place/Niteo+Automation+India+Pvt+Ltd/data=!4m7!3m6!1s0x3bc2b9f34dfa553b:0x3bdc69926cd89f8c!8m2!3d18.6414915!4d73.8251671!16s%2Fg%2F11nxfybccc!19sChIJO1X6TfO5wjsRjJ_YbJJp3Ds?authuser=0&hl=en&rclk=1,14.0
SL Tech Automation,Automation company,"Haveli, Gat No.162B, Tower Line, Tal, near Avishkar Motors",099229 29776,http://www.sltechindia.com/,4.6,(14),,· Opens 8 am Tue,https://www.google.com/maps/place/SL+Tech+Automation/data=!4m7!3m6!1s0x3bc2b769937d3f1d:0x954a8e1e83cc1cdd!8m2!3d18.6757383!4d73.7887493!16s%2Fg%2F11n0kbpw7v!19sChIJHT99k2m3wjsR3RzMgx6OSpU?authuser=0&hl=en&rclk=1,14.0
ALCOR INFOTECH PVT. LTD,Electronics manufacturer,"Sai House, 17/7, Karve Rd",098232 32052,https://www.alcorinfotech.com/,4.5,(13),"""Excellent product and outstanding service!""",· Opens 9:30 am Tue,https://www.google.com/maps/place/ALCOR+INFOTECH+PVT.+LTD/data=!4m7!3m6!1s0x3bc2bf9499242edf:0xf050c6b9657eb2cb!8m2!3d18.5096206!4d73.8341883!16s%2Fg%2F11s7s9m0z6!19sChIJ3y4kmZS_wjsRy7J-ZbnGUPA?authuser=0&hl=en&rclk=1,13.0
S.M.AUTOMATION ( PCB machine manufacturers),Automation company,"Sr.no75/2,flat no 101, raajveer Estete,Raikar Mala, dhayari",089751 30147,http://www.smautomationworld.co.in/,4.4,(13),"""Supppr qwality products""",· Opens 9 am Tue,https://www.google.com/maps/place/S.M.AUTOMATION+%28+PCB+machine+manufacturers%29/data=!4m7!3m6!1s0x3bc2951baaacbc55:0x5cfba19419fb3de5!8m2!3d18.4560978!4d73.7956121!16s%2Fg%2F11fy_2573s!19sChIJVbysqhuVwjsR5T37GZSh-1w?authuser=0&hl=en&rclk=1,13.0
RP Automations | Service | Supply | Installation | Commissioning | Advanced Automation Training,Automation company,"12/33, 12/33, Sinhgad Rd",097643 54066,http://www.rpautomations.in/,5.0,(12),On-site services,· Opens 9:30 am Tue,https://www.google.com/maps/place/RP+Automations+%7C+Service+%7C+Supply+%7C+Installation+%7C+Commissioning+%7C+Advanced+Automation+Training/data=!4m7!3m6!1s0x3bc2c131f770d2c3:0xdd631fd8a7ac7c8c!8m2!3d18.4801034!4d73.8259718!16s%2Fg%2F11h_szxrpq!19sChIJw9Jw9zHBwjsRjHysp9gfY90?authuser=0&hl=en&rclk=1,12.0
Drihten Technology Pvt. Ltd.,Manufacturer,"5th Floor, Vision Flora Mall, Unit No. 507 to 514, Kunal Icon Rd, opp. PCMC ground, beside Siddhivinayak Ginger Society",073787 11885,https://drihtentechnology.in/,4.9,(12),"""Define the peoblem, they find the right solution.""",· Opens 9 am Tue,https://www.google.com/maps/place/Drihten+Technology+Pvt.+Ltd./data=!4m7!3m6!1s0x3bc2b9f89e8d548f:0xc5a7d5f12e6c4969!8m2!3d18.5919749!4d73.800109!16s%2Fg%2F11fktmrrws!19sChIJj1SNnvi5wjsRaUlsLvHVp8U?authuser=0&hl=en&rclk=1,12.0
Uni-Automation (I) Pvt. Ltd.,Manufacturer,"202 Vyankatesh Apartments opposite Patil Plaza, near Parvati",020 2442 0890,http://www.uniautomation.com/,4.8,(12),,· Opens 10 am Tue,https://www.google.com/maps/place/Uni-Automation+%28I%29+Pvt.+Ltd./data=!4m7!3m6!1s0x3bc2c00fe5555555:0xdc8151aab3ce67b3!8m2!3d18.4977282!4d73.8534561!16s%2Fg%2F1tfkzn9y!19sChIJVVVV5Q_AwjsRs2fOs6pRgdw?authuser=0&hl=en&rclk=1,12.0
SPM Techno Automation,Manufacturer,536/2,095527 65057,http://www.spmtechno.com/,4.8,(12),,· Opens 9 am Tue,https://www.google.com/maps/place/SPM+Techno+Automation/data=!4m7!3m6!1s0x3bc2b8776047c05b:0xd385ef3368415b66!8m2!3d18.6439903!4d73.8273849!16s%2Fg%2F11g8_3r38h!19sChIJW8BHYHe4wjsRZltBaDPvhdM?authuser=0&hl=en&rclk=1,12.0
Hi-tech Transducers and Devices Pvt Ltd,Manufacturer,"S.No. 50, 2/36, Gujarwadi Rd, near Kadam Bunglow, opposite Amit Sales",093702 56784,https://www.hitechtransducers.com/,4.6,(11),,· Opens 9 am Tue,https://www.google.com/maps/place/Hi-tech+Transducers+and+Devices+Pvt+Ltd/data=!4m7!3m6!1s0x3bc2c0205aaaaaab:0xa2ff7182abe53b8f!8m2!3d18.4414179!4d73.8651546!16s%2Fg%2F1w96f5yd!19sChIJq6qqWiDAwjsRjzvlq4Jx_6I?authuser=0&hl=en&rclk=1,11.0
Cybernetik Technologies Pvt Ltd,Automation company,"316/5, Village Bhugaon, Ramnadi Paud Road, Mulshi",020 6790 9600,https://cybernetik.com/,4.6,(11),,· Opens 9 am Tue,https://www.google.com/maps/place/Cybernetik+Technologies+Pvt+Ltd/data=!4m7!3m6!1s0x3bc2a10015555555:0x71dc09ca80946dc7!8m2!3d18.5031422!4d73.8660525!16s%2Fg%2F1vg_5r3x!19sChIJVVVVFQChwjsRx22UgMoJ3HE?authuser=0&hl=en&rclk=1,11.0
Robo Sapiens Automation,Automation company,"8A, Ratnaprabha Society, 67",090759 50000,http://robosapiensautomation.com/,4.6,(11),,,https://www.google.com/maps/place/Robo+Sapiens+Automation/data=!4m7!3m6!1s0x3bc2bf6a12c155eb:0xce1cdfc68409c192!8m2!3d18.5128611!4d73.815596!16s%2Fg%2F11h7zbw4qs!19sChIJ61XBEmq_wjsRksEJhMbfHM4?authuser=0&hl=en&rclk=1,11.0
SMART AUTOMATION & HYDROPNEUMATICS (P) LTD.,Automation company,"S.NO. 14/1A +, mahesh Bandal Jadhavnagar, Smart Automation And Hydro Pneumatic, NEAR, Gujarwadi Rd",094220 12179,http://sahpl.co.in/,4.1,(11),,· Opens 10 am Tue,https://www.google.com/maps/place/SMART+AUTOMATION+%26+HYDROPNEUMATICS+%28P%29+LTD./data=!4m7!3m6!1s0x3bc2eb67893b5675:0xc7a77fe4a8a27c1d!8m2!3d18.4334415!4d73.8698491!16s%2Fg%2F11j0847ntq!19sChIJdVY7iWfrwjsRHXyiqOR_p8c?authuser=0&hl=en&rclk=1,11.0
Nile Automation And Control System,Automation company,"Alankapuram Rd, opposite to Yashobhumi Society",097301 90042,https://www.nileautomation.in/,5.0,(10),"""Customer satisfaction 100%""",· Opens 9 am Tue,https://www.google.com/maps/place/Nile+Automation+And+Control+System/data=!4m7!3m6!1s0x3bc2c78f5944014b:0xf90dd6d8bbd4b131!8m2!3d18.649826!4d73.8711863!16s%2Fg%2F11gfkmz4gj!19sChIJSwFEWY_HwjsRMbHUu9jWDfk?authuser=0&hl=en&rclk=1,10.0
Messung Systems Pvt Ltd. ( Industrial & Home Automation Manufacturing Unit),Manufacturer,"Electronic Sadan 3, EL 17-18",095617 03619,http://www.messungautomation.co.in/,5.0,(10),"""Messung system provides good good service""",· Opens 9:30 am Tue,https://www.google.com/maps/place/Messung+Systems+Pvt+Ltd.+%28+Industrial+%26+Home+Automation+Manufacturing+Unit%29/data=!4m7!3m6!1s0x3bc2b9733a30ac25:0x97f256b8431a188b!8m2!3d18.6232164!4d73.8378691!16s%2Fg%2F11sn_c062z!19sChIJJawwOnO5wjsRixgaQ7hW8pc?authuser=0&hl=en&rclk=1,10.0
LEVTRON INSTRUMENTS PVT. LTD. - Level Measurement Manufacturer in Pune,Manufacturer,·,097300 42725,http://www.levtron.in/,4.9,(10),"""Over all product quality, service and support gives 5 *""",· Opens 9 am Tue,https://www.google.com/maps/place/LEVTRON+INSTRUMENTS+PVT.+LTD.+-+Level+Measurement+Manufacturer+in+Pune/data=!4m7!3m6!1s0x3bc2957b5b1dfc61:0x31c2983fd4bc7aa6!8m2!3d18.4677885!4d73.7967891!16s%2Fg%2F11ygpdb7gs!19sChIJYfwdW3uVwjsRpnq81D-YwjE?authuser=0&hl=en&rclk=1,10.0
Micro-Epsilon India Pvt. Ltd.,Electronics Company,"Office No. 101 A, Delta-1, GIGA SPACE IT PARK",020 2674 1009,http://www.micro-epsilon.in/,3.8,(10),"""Good Quality inspection""",· Opens 9:30 am Tue,https://www.google.com/maps/place/Micro-Epsilon+India+Pvt.+Ltd./data=!4m7!3m6!1s0x3bc2c146cce842c3:0xab18863f8437925c!8m2!3d18.5632279!4d73.9206428!16s%2Fg%2F11bvtkhmt4!19sChIJw0LozEbBwjsRXJI3hD-GGKs?authuser=0&hl=en&rclk=1,10.0
Sahana Engineering-Ultrasonic/Fuel/Optical/Magnetic/Oil/Visual/Capacitance Level Switch/Indicators/Sensor Manufacturers India,Manufacturer,"No.- 09, S, Annasaheb Magar Stadium, Lokesh Appartment, Shop, Telco Rd, opposite Indian Oil Petrol Pump",099229 59853,https://sahanaengineering.com/,5.0,(9),,· Opens 9:30 am Tue,https://www.google.com/maps/place/Sahana+Engineering-Ultrasonic%2FFuel%2FOptical%2FMagnetic%2FOil%2FVisual%2FCapacitance+Level+Switch%2FIndicators%2FSensor+Manufacturers+India/data=!4m7!3m6!1s0x3bc2958e229efe93:0x317c8dbef1a4373!8m2!3d18.6401036!4d73.8228062!16s%2Fg%2F11c5j4qm0g!19sChIJk_6eIo6VwjsRc0Ma79vIFwM?authuser=0&hl=en&rclk=1,9.0
Omron Automation Pvt. Ltd,Automation company,"Unit No 301-303, 3Rd Floor, Amar Business Park, Veerbhadra Nagar, Baner",020 6711 4608,http://www.omron-ap.co.in/,5.0,(8),,· Opens 9 am Tue,https://www.google.com/maps/place/Omron+Automation+Pvt.+Ltd/data=!4m7!3m6!1s0x3bc2bec9f49c8187:0x76adc920a054fee9!8m2!3d18.5685038!4d73.7680165!16s%2Fg%2F11g9qfc82p!19sChIJh4Gc9Mm-wjsR6f5UoCDJrXY?authuser=0&hl=en&rclk=1,8.0
