"hfpxzc href","qBF1Pd","MW4etd","UY7F9","W4Efsd","W4Efsd 2","W4Efsd 3","W4Efsd 4","W4Efsd 5","W4Efsd 6","UsdlK","lcr4fd href","Cw1rxd","R8c4Qb","Cw1rxd 2","R8c4Qb 2","Jn12ke src","ah5Ghc"
"","","","","","","","","","","","","","","","","",""
"","","","","","","","","","","","","","","","","",""
"https://www.google.com/maps/place/Thermo+Instruments+%E2%80%93+Thermo+couple,Rtd,Temperature+sensor%2Findicator,pt+100,k%2Fj%2FS+type+thermocouples+in+pune,hosur,+oragadam/data=!4m7!3m6!1s0x3bc2c749c20e7b23:0x1b7f72d8993d28f3!8m2!3d18.637417!4d73.8453586!16s%2Fg%2F11h6lzfqb6!19sChIJI3sOwknHwjsR8yg9mdhyfxs?authuser=0&hl=en&rclk=1","Thermo Instruments – Thermo couple,Rtd,Temperature sensor/indicator,pt 100,k/j/S type thermocouples in pune,hosur, oragadam","5.0","(84)","Manufacturer","·","Shop No 13/4, Ellora Shopee","Closed","· Opens 9 am Tue","·","098604 11186","https://www.thermocouplesrtd.com/","","Website","","Directions","https://ssl.gstatic.com/local/servicebusiness/default_user.png","""Helpful Staff and good quality of sensor"""
"https://www.google.com/maps/place/Uni-Automation+%28I%29+Pvt.+Ltd./data=!4m7!3m6!1s0x3bc2c00fe5555555:0xdc8151aab3ce67b3!8m2!3d18.4977282!4d73.8534561!16s%2Fg%2F1tfkzn9y!19sChIJVVVV5Q_AwjsRs2fOs6pRgdw?authuser=0&hl=en&rclk=1","Uni-Automation (I) Pvt. Ltd.","4.8","(12)","Manufacturer","·","202 Vyankatesh Apartments opposite Patil Plaza, near Parvati","Closed","· Opens 10 am Tue","·","020 2442 0890","http://www.uniautomation.com/","","Website","","Directions","",""
"https://www.google.com/maps/place/Jaycee+Technologies+Pvt+Ltd/data=!4m7!3m6!1s0x3bc295d534e5debd:0x34d88dce70452bcf!8m2!3d18.4689148!4d73.7938373!16s%2Fg%2F1tcv4s2z!19sChIJvd7lNNWVwjsRzytFcM6N2DQ?authuser=0&hl=en&rclk=1","Jaycee Technologies Pvt Ltd","4.5","(26)","Manufacturer","·","Shed No. 7, Nanekar Industry Building Survey No. 79/2 Dangat Industrial Estate","Closed","· Opens 9:30 am Tue","·","085549 82251","https://jayceetech.com/","","Website","","Directions","","In-store shopping"
"https://www.google.com/maps/place/AM+Electronics+%E2%80%93+Electronic+Components+Store+in+Pune/data=!4m7!3m6!1s0x3bc2c15b28ad9f6f:0x68c1e29ad2e97b80!8m2!3d18.517171!4d73.857338!16s%2Fg%2F11j1f4rqfn!19sChIJb5-tKFvBwjsRgHvp0priwWg?authuser=0&hl=en&rclk=1","AM Electronics – Electronic Components Store in Pune","4.8","(499)","Electronic parts supplier","·","1st floor, Bhavana, 105, Vishnu","Closed","· Opens 10 am Tue","·","070280 52537","https://www.amelectronics.in/","","Website","","Directions","https://ssl.gstatic.com/local/servicebusiness/default_user.png","""Good quality"
"https://www.google.com/maps/place/Starrbot+Automations+Pvt.+Ltd.+-+Motion+Sensor+Light+Manufacturers,+Suppliers,+Dealers/data=!4m7!3m6!1s0x3bc2c17b65ae9373:0xf97888e9a16f9687!8m2!3d18.4513837!4d73.8818294!16s%2Fg%2F11kgsmr_2r!19sChIJc5OuZXvBwjsRh5ZvoemIePk?authuser=0&hl=en&rclk=1","Starrbot Automations Pvt. Ltd. - Motion Sensor Light Manufacturers, Suppliers, Dealers","4.4","(110)","Automation company","·","5th Floor, DNK Capital, Office no, Katraj - Kondhwa Rd","Closed","· Opens 9:30 am Tue","·","020 6766 8830","https://starrbot.com/","","Website","","Directions","","On-site services"
"https://www.google.com/maps/place/Surya+Industrial+Products-+Temperature%2FThermocouple%2FRTD+Sensor%2FCoil+Heater%2FMold+Temperature%2FPID+Controller+Manufacturers+Pune/data=!4m7!3m6!1s0x3bc2b9beaf9c047b:0x46b25dd827c01c76!8m2!3d18.6200199!4d73.841729!16s%2Fg%2F11wwf6xmbh!19sChIJewScr765wjsRdhzAJ9hdskY?authuser=0&hl=en&rclk=1","Surya Industrial Products- Temperature/Thermocouple/RTD Sensor/Coil Heater/Mold Temperature/PID Controller Manufacturers Pune","5.0","(5)","Manufacturer","·","ABHISHEK MEADOWS, F-203, 2 ND FLOOR, TELCO ROAD, CHOWK","Closed","· Opens 9:30 am Tue","·","098221 94522","https://www.suryaindustrialproducts.com/","","Website","","Directions","","On-site services"
"https://www.google.com/maps/place/Expert+systems/data=!4m7!3m6!1s0x3bc2c1677a4701cd:0x9626b21c4e253602!8m2!3d18.4696882!4d73.8604161!16s%2Fg%2F11fl0zkb3t!19sChIJzQFHemfBwjsRAjYlThyyJpY?authuser=0&hl=en&rclk=1","Expert systems","5.0","(3)","Electronics manufacturer","·","Unit No. 78-79, A wing, 4th Floor","Closed","· Opens 10 am Tue","·","088056 07810","https://www.expertsystems.in/","","Website","","Directions","",""
"https://www.google.com/maps/place/Thermo+Instruments-Temperature+controller+and+indicator+manufacturer,+R%2FS+type+thermocouple+repair+Pune,+PCMC,+Chakan,India/data=!4m7!3m6!1s0x3bc2c76243156995:0xc9184d60a5b92ca4!8m2!3d18.6575662!4d73.8496116!16s%2Fg%2F11q_2b56_h!19sChIJlWkVQ2LHwjsRpCy5pWBNGMk?authuser=0&hl=en&rclk=1","Thermo Instruments-Temperature controller and indicator manufacturer, R/S type thermocouple repair Pune, PCMC, Chakan,India","5.0","(27)","Manufacturer","·","Gate no 454, adarsh nagar, morya colony no 1, near kajale petrol pump","Closed","· Opens 9 am Tue","·","093261 61617","http://www.thermoinstruments.co.in/","","Website","","Directions","https://ssl.gstatic.com/local/servicebusiness/default_user.png","""Affordable and high-precision"
"https://www.google.com/maps/place/Turck+India+Automation+private+limited./data=!4m7!3m6!1s0x3bc2bf6f8e39cde9:0x9ad898c06d7b9208!8m2!3d18.5680167!4d73.7751349!16s%2Fg%2F11b7hmzr3w!19sChIJ6c05jm-_wjsRCJJ7bcCY2Jo?authuser=0&hl=en&rclk=1","Turck India Automation private limited.","4.5","(26)","Automation company","·","Level 4, Link road, Baner - Balewadi Rd, near Cummins Complex","Closed","· Opens 9:30 am Tue","·","077689 33005","http://www.turck.in/","","Website","","Directions","",""
"https://www.google.com/maps/place/SN+Automation-Siemens%2FFanuc%2FMitsubishi%2FYaskawa+Servo+Drive+Motor+Repair,Encoder%2FCable%2FSMI+Connector,Spindle+motor%2Fsensor+PUNE/data=!4m7!3m6!1s0x3bc2b78a5851d447:0x81a5b9a258c49059!8m2!3d18.6391067!4d73.8272879!16s%2Fg%2F11gb3tvpmt!19sChIJR9RRWIq3wjsRWZDEWKK5pYE?authuser=0&hl=en&rclk=1","SN Automation-Siemens/Fanuc/Mitsubishi/Yaskawa Servo Drive Motor Repair,Encoder/Cable/SMI Connector,Spindle motor/sensor PUNE","4.7","(92)","Repair service","·","·","Closed","· Opens 9 am Tue","Anukul Chowk, Plot No 540/5, Shree Tower, MIDC Rd","096891 15161","http://www.snautomation.co.in/","","Website","","Directions","","On-site services"
"https://www.google.com/maps/place/Sourayan+Technologies+Pvt+Ltd/data=!4m7!3m6!1s0x3bc2c1180c988429:0x7eb2176000ef4881!8m2!3d18.4884547!4d73.8500963!16s%2Fg%2F11szf2fvg4!19sChIJKYSYDBjBwjsRgUjvAGAXsn4?authuser=0&hl=en&rclk=1","Sourayan Technologies Pvt Ltd","4.9","(57)","Electronics manufacturer","·","·","Closed","· Opens 9 am Tue","83/1 , Vardhini, 3rd floor Sarang Society","077740 53012","http://www.sourayantech.com/","","Website","","Directions","https://ssl.gstatic.com/local/servicebusiness/default_user.png","""M/s.Sourayan has provided good quality materials and good service."""
"https://www.google.com/maps/place/Sense+Tech+Systems/data=!4m7!3m6!1s0x3bc2eabc7cd37559:0x6cea5660a9de7e3d!8m2!3d18.4694624!4d73.8602726!16s%2Fg%2F12jm107jp!19sChIJWXXTfLzqwjsRPX7eqWBW6mw?authuser=0&hl=en&rclk=1","Sense Tech Systems","5.0","(3)","Industrial equipment supplier","·","KK Market, D Wing, 1st Floor, Unit No.94, KK Market Rd","Closed","· Opens 9:30 am Tue","·","095957 97466","https://www.sensetechsystems.co.in/","","Website","","Directions","https://ssl.gstatic.com/local/servicebusiness/default_user.png","""Prompt Service, On time delivery, Quality Products"""
"https://www.google.com/maps/place/Pune+Techtrol+Pvt.+Ltd./data=!4m7!3m6!1s0x3bc2b9c745555555:0x92cf4a24e4634fc!8m2!3d18.6270891!4d73.8400225!16s%2Fg%2F1txnmxkj!19sChIJVVVVRce5wjsR_DRGTqL0LAk?authuser=0&hl=en&rclk=1","Pune Techtrol Pvt. Ltd.","4.4","(89)","Manufacturer","·","·","Closed","· Opens 9 am Tue","S18, J-52/7","020 6634 2900","https://www.punetechtrol.com/","","Website","","Directions","","On-site services"
"https://www.google.com/maps/place/MicroSet+Instrumentation+%26+Controls/data=!4m7!3m6!1s0x3bc2bf7fa8863825:0x9c654667f50a5e6b!8m2!3d18.5304584!4d73.8391893!16s%2Fg%2F1tlbmlrm!19sChIJJTiGqH-_wjsRa14K9WdGZZw?authuser=0&hl=en&rclk=1","MicroSet Instrumentation & Controls","4.0","(48)","Manufacturer","·","1103A, 102 Chinmay, 10, Lakaki Rd","Closed","· Opens 9:30 am Tue","·","091124 55550","https://www.microsetindia.com/","","Website","","Directions","https://ssl.gstatic.com/local/servicebusiness/default_user.png","""Very good quality, fine accuracy and economical products."""
"https://www.google.com/maps/place/Render+Automation+Private+Limited/data=!4m7!3m6!1s0x3bc2eac27e4b6efd:0x8269401f0598caa5!8m2!3d18.4497048!4d73.841689!16s%2Fg%2F11h91qnbj3!19sChIJ_W5LfsLqwjsRpcqYBR9AaYI?authuser=0&hl=en&rclk=1","Render Automation Private Limited","5.0","(9)","Industrial equipment supplier","·","PRISTINE PACIFIC, Office No: 1&2,Survey No 39/11A","Closed","· Opens 10 am Tue","·","086980 09335","http://www.rendertechindia.com/","","Website","","Directions","https://ssl.gstatic.com/local/servicebusiness/default_user.png","""Fast Response & Great service"""
"https://www.google.com/maps/place/Hiotron+%28India%29+Private+Limited+-+Industry+4.0+solution+for+smart+manufacturing+%7C+IoT+solution+for+Smart+factory+Pune/data=!4m7!3m6!1s0x3bc2c0d23a2a5afd:0xa93dc0b5e7ba7b96!8m2!3d18.5614715!4d73.9450077!16s%2Fg%2F11b768p5vd!19sChIJ_VoqOtLAwjsRlnu657XAPak?authuser=0&hl=en&rclk=1","Hiotron (India) Private Limited - Industry 4.0 solution for smart manufacturing | IoT solution for Smart factory Pune","4.4","(92)","Electronics Company","·","5th Floor, Office No. 503, City Vista Tower A","Closed","· Opens 10 am Tue","·","077579 29093","https://www.hiotron.com/","","Website","","Directions","https://ssl.gstatic.com/local/servicebusiness/default_user.png","""Excellent Team With Great Technical Knowledge"""
"https://www.google.com/maps/place/Nutech+Industrial+Automation/data=!4m7!3m6!1s0x3bc2b93e58db6fcb:0x7149a80b79501080!8m2!3d18.6252291!4d73.8071289!16s%2Fg%2F11gvcwk50z!19sChIJy2_bWD65wjsRgBBQeQuoSXE?authuser=0&hl=en&rclk=1","Nutech Industrial Automation","5.0","(7)","Industrial equipment supplier","·","Shop #3, Jhamtani Chambers Nr, chowk, Old Mumbai - Pune Hwy","Closed","· Opens 10 am Tue","·","078880 08701","","","Directions","","","https://ssl.gstatic.com/local/servicebusiness/default_user.png","""Prompt reply and very nice pricing."""
"https://www.google.com/maps/place/Leuze+electronic/data=!4m7!3m6!1s0x3bc2c0f924700001:0x60ffe4f04133741c!8m2!3d18.5216428!4d73.7798954!16s%2Fg%2F11f5bnjf67!19sChIJAQBwJPnAwjsRHHQzQfDk_2A?authuser=0&hl=en&rclk=1","Leuze electronic","5.0","(3)","Electronics manufacturer","·","406, Bramha Vantage Tower C, NDA Pashan Rd","Closed","· Opens 9:30 am Tue","·","091587 79191","http://www.leuze.com/","","Website","","Directions","",""
"https://www.google.com/maps/place/Gaxce+Sensors/data=!4m7!3m6!1s0x3bc2eb33f6b76ea7:0xeb1df1d51fb16414!8m2!3d18.4577551!4d73.8487293!16s%2Fg%2F11fb0qz2zs!19sChIJp2639jPrwjsRFGSxH9XxHes?authuser=0&hl=en&rclk=1","Gaxce Sensors","4.8","(5)","Measuring instruments supplier","·","B1 FLAT NO 16, vishwaraj vihar, Sr.no 34, 10/3, near Parwade mill","Closed","· Opens 9 am Tue","·","096731 23829","https://gaxcesensors.com/","","Website","","Directions","","Delivery"
"https://www.google.com/maps/place/Omron+Sensor+Encoder+Supplier/data=!4m7!3m6!1s0x3bc2bff36e497e5d:0xfd3e57319e65ed89!8m2!3d18.5616381!4d73.7838939!16s%2Fg%2F11snpt3yjn!19sChIJXX5JbvO_wjsRie1lnjFXPv0?authuser=0&hl=en&rclk=1","Omron Sensor Encoder Supplier","4.4","(7)","Industrial equipment supplier","·","HQ6M+MH2, Baner Rd","","","","096993 97922","http://www.applesensor.com/","","Website","","Directions","https://ssl.gstatic.com/local/servicebusiness/default_user.png","""Best Dealer Supplier Distributor of sensor encoder timer counter controller"""
"https://www.google.com/maps/place/TE+Connectivity/data=!4m7!3m6!1s0x3bc2c30a8032b1e9:0x8045581be64d14f0!8m2!3d18.575159!4d74.014871!16s%2Fg%2F11ftcs1xd5!19sChIJ6bEygArDwjsR8BRN5htYRYA?authuser=0&hl=en&rclk=1","TE Connectivity","4.5","(170)","Electronics Company","·","Survey No. 166/3, Gut No. 95, Rahu Road, , Kesnand","Closed","· Opens 7:30 am Tue","","","https://www.google.com/aclk?sa=L&ai=DChsSEwiIq6Gh0LGUAxXuJnsHHWN1L3YYACICCAEQAhoCdG0&co=1&ase=2&gclid=Cj0KCQjw_IXQBhCkARIsADqELbKo0RLA20xQxsVQpqIfWU729-r7sYxnNULP1VF9yl2dTyLlmPdnCSAaApJzEALw_wcB&cid=CAAS0wHkaFqy-klFrbLqw0g5hFpRe5DE3SoYpslt17SSL-VrlrGcp-D5Rn5kyWxLvomm_BdFxmqIzdvEKIZjQtX8xSwev6HPQnAhK91SHpcsTOPkQ3PZYzeB5Eu0jEnkHcS9cqwpdYj3XxCBMXx8pxBZVXRpZIytpM9qyWV2X0etrOhEYAHulHm6ocPtgubFSvZzVyYwZhIo2LesVqEkDgp5W3l5OvP7Dim-lSyGxJrNIfj9KHW6FiS1cL7brP54ezAVtnid0FZ7ZDQaqySlhUZ8C1CNxj2g&cce=2&category=acrcp_v1_32&sig=AOD64_3JNWwMwlUnMGgIf1Fpny4HXaK-3w&adurl&q&ctype=99&nis=6","","Website","","Directions","",""
"https://www.google.com/maps/place/SMARTsaa+Instruments+I+Pvt+Ltd/data=!4m7!3m6!1s0x3bc2b865075123cf:0x8b40e0d53f3e1e32!8m2!3d18.6284093!4d73.827334!16s%2Fg%2F11bzx9jn86!19sChIJzyNRB2W4wjsRMh4-P9XgQIs?authuser=0&hl=en&rclk=1","SMARTsaa Instruments I Pvt Ltd","1.0","(1)","Electronics manufacturer","·","E-12, Mangalmurti, T-80","Closed","· Opens 9:30 am Tue","·","070283 76392","http://smartsaa.co.in/","","Website","","Directions","",""
"https://www.google.com/maps/place/Omron+Automation+Pvt.+Ltd/data=!4m7!3m6!1s0x3bc2bec9f49c8187:0x76adc920a054fee9!8m2!3d18.5685038!4d73.7680165!16s%2Fg%2F11g9qfc82p!19sChIJh4Gc9Mm-wjsR6f5UoCDJrXY?authuser=0&hl=en&rclk=1","Omron Automation Pvt. Ltd","5.0","(8)","Automation company","·","Unit No 301-303, 3Rd Floor, Amar Business Park, Veerbhadra Nagar, Baner","Closed","· Opens 9 am Tue","·","020 6711 4608","http://www.omron-ap.co.in/","","Website","","Directions","",""
"https://www.google.com/maps/place/General+Industrial+Controls+Private+Limited+%28+GIC+%29/data=!4m7!3m6!1s0x3bc2b9c745555555:0xe9364b8b778438c6!8m2!3d18.6257204!4d73.8284128!16s%2Fg%2F1tdp81xv!19sChIJVVVVRce5wjsRxjiEd4tLNuk?authuser=0&hl=en&rclk=1","General Industrial Controls Private Limited ( GIC )","4.3","(172)","Electronics Company","·","·","Closed","· Opens 9 am Tue","T - 107","","https://www.gicindia.com/","","Website","","Directions","","On-site services"
"https://www.google.com/maps/place/iAutomation+Training+Hub+-+Pune/data=!4m7!3m6!1s0x3bc2bf0cee4ec0a9:0xf269c6d50e1c415f!8m2!3d18.5180107!4d73.8420672!16s%2Fg%2F11ynzms62j!19sChIJqcBO7gy_wjsRX0EcDtXGafI?authuser=0&hl=en&rclk=1","iAutomation Training Hub - Pune","4.8","(205)","Training center","·","·","Closed","· Opens 10:15 am Tue","3rd floor, Office 26-27, Fergusson College Road Deccan Gymkhana Cafe Goodluck Chowk Sagar Arcade, above Metro Shoes, opposite Westside Mall","070830 73434","https://www.iautomationtraininghub.com/","","Website","","Directions","https://ssl.gstatic.com/local/servicebusiness/default_user.png","""The teaching quality is excellent and fully"
"https://www.google.com/maps/place/Hi-tech+Transducers+and+Devices+Pvt+Ltd/data=!4m7!3m6!1s0x3bc2c0205aaaaaab:0xa2ff7182abe53b8f!8m2!3d18.4414179!4d73.8651546!16s%2Fg%2F1w96f5yd!19sChIJq6qqWiDAwjsRjzvlq4Jx_6I?authuser=0&hl=en&rclk=1","Hi-tech Transducers and Devices Pvt Ltd","4.6","(11)","Manufacturer","·","S.No. 50, 2/36, Gujarwadi Rd, near Kadam Bunglow, opposite Amit Sales","Closed","· Opens 9 am Tue","·","093702 56784","https://www.hitechtransducers.com/","","Website","","Directions","",""
"https://www.google.com/maps/place/Testo+India+Private+Limited/data=!4m7!3m6!1s0x3bc2bf6056211847:0xd5a475ed8ec2e089!8m2!3d18.5477502!4d73.815986!16s%2Fg%2F1tf5zr59!19sChIJRxghVmC_wjsRieDCju11pNU?authuser=0&hl=en&rclk=1","Testo India Private Limited","4.1","(16)","Manufacturer","·","·","Closed","· Opens 9 am Tue","Plot No. 23, 23, Baner Rd","020 2592 0000","https://www.testo.com/en-IN/","","Website","","Directions","",""
"https://www.google.com/maps/place/Campus+Component+Pvt.+Ltd../data=!4m7!3m6!1s0x3bc2c010c37dbb91:0x4583a5e8f623aa72!8m2!3d18.4974037!4d73.8583662!16s%2Fg%2F1ths_xj5!19sChIJkbt9wxDAwjsRcqoj9uilg0U?authuser=0&hl=en&rclk=1","Campus Component Pvt. Ltd..","4.5","(641)","Electronic parts supplier","·","Office No. 308, 3rd Floor, Campus Component Pvt. Ltd, Modi Plaza, near Laxminarayan Theater","Closed","· Opens 10 am Tue","·","097674 44555","https://www.campuscomponent.com/","","Website","","Directions","","On-site services"
"https://www.google.com/maps/place/Heatcon+Systems-Thyristor+Power+Controller,Industrial+Oven%2FFurnace,PID+Temperature%2FLevel%2FPhoto+Sensor,VFD+Drive+Manufacturers/data=!4m7!3m6!1s0x3bc2b809b339b8ff:0x1b07410bd59e0be9!8m2!3d18.6332855!4d73.8371973!16s%2Fg%2F11v3tmx8b7!19sChIJ_7g5swm4wjsR6Que1QtBBxs?authuser=0&hl=en&rclk=1","Heatcon Systems-Thyristor Power Controller,Industrial Oven/Furnace,PID Temperature/Level/Photo Sensor,VFD Drive Manufacturers","","","Automation company","·","02, First Floor, indrayani chowk, Jaydeep Business Centre, Heatcon Systems","Closed","· Opens 9 am Tue","·","098220 15260","https://www.heatconsystems.com/","","Website","","Directions","",""
"https://www.google.com/maps/place/PUNE+INTEGRATED+-Limit+Switch%7CSensor%7CPower%7CRelay%7CSupply%7CCable+Tray%7CServo+Motor%7CSwitchgear%7CCable%7CHMI%7CPLC%7CVFD+Dealers+In+Pune/data=!4m7!3m6!1s0x3bc2b9afbfd42a35:0x1c33fd500cfdba66!8m2!3d18.6417073!4d73.8297813!16s%2Fg%2F11sw2trmzd!19sChIJNSrUv6-5wjsRZrr9DFD9Mxw?authuser=0&hl=en&rclk=1","PUNE INTEGRATED -Limit Switch|Sensor|Power|Relay|Supply|Cable Tray|Servo Motor|Switchgear|Cable|HMI|PLC|VFD Dealers In Pune","","","Automation company","·","SHOP NO.- 11, DOLPHIN ARCADE, PLOT NO.- J-178/2, near RICH ICE-CREAM","Closed","· Opens 9 am Tue","·","090818 18265","http://www.puneintegrated.com/","","Website","","Directions","",""
"https://www.google.com/maps/place/LEVTRON+INSTRUMENTS+PVT.+LTD.+-+Level+Measurement+Manufacturer+in+Pune/data=!4m7!3m6!1s0x3bc2957b5b1dfc61:0x31c2983fd4bc7aa6!8m2!3d18.4677885!4d73.7967891!16s%2Fg%2F11ygpdb7gs!19sChIJYfwdW3uVwjsRpnq81D-YwjE?authuser=0&hl=en&rclk=1","LEVTRON INSTRUMENTS PVT. LTD. - Level Measurement Manufacturer in Pune","4.9","(10)","Manufacturer","·","·","Closed","· Opens 9 am Tue","Sr. No. 78/1, Pandhari Industrial Estate, Office No 02 , 1st Floor, Plot No 6","097300 42725","http://www.levtron.in/","","Website","","Directions","https://ssl.gstatic.com/local/servicebusiness/default_user.png","""Over all product quality, service and support gives 5 *"""
"https://www.google.com/maps/place/LivFuture+Automation+%26+Security+Pvt.+Ltd./data=!4m7!3m6!1s0x3bc2c6c5c1555555:0xc7fc0aea32f70268!8m2!3d18.570288!4d73.9107221!16s%2Fg%2F1tdvhmft!19sChIJVVVVwcXGwjsRaAL3MuoK_Mc?authuser=0&hl=en&rclk=1","LivFuture Automation & Security Pvt. Ltd.","4.9","(993)","Automation company","·","·","Closed","· Opens 8 am Tue","Konark Epitome","084484 54548","https://livfuture.com/","","Website","","Directions","","On-site services"
"https://www.google.com/maps/place/Hemkund+Automation+LLP/data=!4m7!3m6!1s0x3bc2eb355c35f7e7:0x5599392453e619ff!8m2!3d18.4776392!4d73.8886755!16s%2Fg%2F11t7fbn5gt!19sChIJ5_c1XDXrwjsR_xnmUyQ5mVU?authuser=0&hl=en&rclk=1","Hemkund Automation LLP","5.0","(2)","Automation company","·","First Floor, BRAMHA ESTATE, Office C2/06, Junction, next to Jyoti Hotel","Closed","· Opens 10 am Tue","·","098901 77756","https://www.indiamart.com/hemkund-automation-pune","","Website","","Directions","",""
"https://www.google.com/maps/place/Theta+Controls/data=!4m7!3m6!1s0x3bc2c01148f42d19:0x375e8540de39a066!8m2!3d18.4901809!4d73.8570065!16s%2Fg%2F1vd6_sj6!19sChIJGS30SBHAwjsRZqA53kCFXjc?authuser=0&hl=en&rclk=1","Theta Controls","4.0","(55)","Industrial equipment supplier","·","Electronic Estate, 1, Pune - Satara Rd, opposite CityPride Multiplex","Closed","· Opens 9 am Tue","·","020 6626 8600","http://www.thetacontrols.com/","","Website","","Directions","https://ssl.gstatic.com/local/servicebusiness/default_user.png","""Cooperative useful for electronic work"""
"https://www.google.com/maps/place/SENSOTECK+SENSING+DEVICES+PVT.+LTD./data=!4m7!3m6!1s0x3bc2c78bf71e2561:0x6929c8d76326e244!8m2!3d18.6318261!4d73.854101!16s%2Fg%2F11v3np40l8!19sChIJYSUe94vHwjsRROImY9fIKWk?authuser=0&hl=en&rclk=1","SENSOTECK SENSING DEVICES PVT. LTD.","5.0","(4)","Industrial consultant","·","Sr No. 138/3, Landge Wasti","Closed","· Opens 9 am Tue","·","096739 20065","https://www.sensoteckpune.com/index.html","","Website","","Directions","https://ssl.gstatic.com/local/servicebusiness/default_user.png","""Excellence products & Remarkable Service"""
"https://www.google.com/maps/place/PRECISE+GAUGING+%26+AUTOMATION+TECHNOLOGY/data=!4m7!3m6!1s0x3bc2c17c88ad4503:0x33a32f64d17a3e05!8m2!3d18.5420964!4d73.9319339!16s%2Fg%2F11f3j7pgzm!19sChIJA0WtiHzBwjsRBT560WQvozM?authuser=0&hl=en&rclk=1","PRECISE GAUGING & AUTOMATION TECHNOLOGY","4.6","(23)","Industrial equipment supplier","·","SR. NO, 24/2B, Old Mundhwa Rd, opp. Konark Eureka","Closed","· Opens 8 am Tue","·","096048 51220","https://www.precisegauging.in/","","Website","","Directions","https://ssl.gstatic.com/local/servicebusiness/default_user.png","""Good experience company"""
"https://www.google.com/maps/place/Adept+Fluidyne+Pvt.+Ltd/data=!4m7!3m6!1s0x3bc2c065a7c56561:0x1bfa155759eb4995!8m2!3d18.5018679!4d73.8232343!16s%2Fg%2F1thlljft!19sChIJYWXFp2XAwjsRlUnrWVcV-hs?authuser=0&hl=en&rclk=1","Adept Fluidyne Pvt. Ltd","4.3","(45)","Manufacturer","·","·","Closed","· Opens 8:30 am Tue","S. No 17/1, B Industrial Estate, Plot 4, Late GA Kulkarni Path","020 2543 1474","https://www.adeptfluidyne.com/","","Website","","Directions","",""
"https://www.google.com/maps/place/Kobold+Instruments+Pvt+Ltd/data=!4m7!3m6!1s0x3bc2bf91e3a7d2cb:0x9e9c5d8c8ba4e74c!8m2!3d18.5181692!4d73.8328382!16s%2Fg%2F11c71pfbg0!19sChIJy9Kn45G_wjsRTOeki4xdnJ4?authuser=0&hl=en&rclk=1","Kobold Instruments Pvt Ltd","4.7","(18)","Manufacturer","·","Near, 797/5, Renuka Bungalow, Joshi Hospital Lane, Kamala Nehru Park Rd","Closed","· Opens 9 am Tue","·","091689 11227","https://www.kobold.com/?mtm_campaign=Google_My_Business_KB_India","","Website","","Directions","https://ssl.gstatic.com/local/servicebusiness/default_user.png","""Exceptional quality and service."""
"https://www.google.com/maps/place/Electro+Boat/data=!4m7!3m6!1s0x3bc2c1d82fda3c2b:0x4037b846b364e640!8m2!3d18.52653!4d73.84263!16s%2Fg%2F11vsf76kqw!19sChIJKzzaL9jBwjsRQOZks0a4N0A?authuser=0&hl=en&rclk=1","Electro Boat","4.8","(44)","Electronic parts supplier","·","Goround floor , office no 4, Union Bank building, Shreenath Plaza, Dnyaneshwar Paduka Chowk, C wing, Fergusson College Rd","Closed","· Opens 10 am Tue","·","086000 26063","https://electroboat.in/","","Website","","Directions","","On-site services"
"https://www.google.com/maps/place/Trace+Automation+Pvt.+Ltd/data=!4m7!3m6!1s0x3bc2c076f6ce7457:0x3f4ba2df5ea5a99a!8m2!3d18.5091829!4d73.8611014!16s%2Fg%2F11cmvt3lyy!19sChIJV3TO9nbAwjsRmqmlXt-iSz8?authuser=0&hl=en&rclk=1","Trace Automation Pvt. Ltd","4.7","(122)","Industrial consultant","·","CST No 414 Guruwar Peth Jaishankar Height Gauri, Khadakmal Ali Rd","Closed","· Opens 10 am Tue","·","096571 35101","http://www.traceautomationindia.in/","","Website","","Directions","https://ssl.gstatic.com/local/servicebusiness/default_user.png","""Service is very fast and good quality product supplied."""
"https://www.google.com/maps/place/Legecon+Exim+Pvt.+Ltd.+-+Industrial+Automation+-+VFD,+PLC,+HMI,+Meters/data=!4m7!3m6!1s0x3bc2c074c50e5609:0x81a14f375f8e6327!8m2!3d18.5049713!4d73.8455794!16s%2Fg%2F11k0mkktt5!19sChIJCVYOxXTAwjsRJ2OOXzdPoYE?authuser=0&hl=en&rclk=1","Legecon Exim Pvt. Ltd. - Industrial Automation - VFD, PLC, HMI, Meters","5.0","(7)","Manufacturer","·","Block 108, Building Number 9","Closed","· Opens 10 am Tue","","","","","Directions","","","https://ssl.gstatic.com/local/servicebusiness/default_user.png","""They delivered the panel on time and everything worked as promised."""
"https://www.google.com/maps/place/Nile+Automation+And+Control+System/data=!4m7!3m6!1s0x3bc2c78f5944014b:0xf90dd6d8bbd4b131!8m2!3d18.649826!4d73.8711863!16s%2Fg%2F11gfkmz4gj!19sChIJSwFEWY_HwjsRMbHUu9jWDfk?authuser=0&hl=en&rclk=1","Nile Automation And Control System","5.0","(10)","Automation company","·","Alankapuram Rd, opposite to Yashobhumi Society","Closed","· Opens 9 am Tue","·","097301 90042","https://www.nileautomation.in/","","Website","","Directions","https://ssl.gstatic.com/local/servicebusiness/default_user.png","""Customer satisfaction 100%"""
"https://www.google.com/maps/place/Klug+Avalon+Mechatronics+Pvt.+Ltd./data=!4m7!3m6!1s0x3bc2c1e555555555:0x425e8438ee889cba!8m2!3d18.4936343!4d73.9181152!16s%2Fg%2F1tfjz9jd!19sChIJVVVVVeXBwjsRupyI7jiEXkI?authuser=0&hl=en&rclk=1","Klug Avalon Mechatronics Pvt. Ltd.","4.3","(31)","Manufacturer","·","·","Closed","· Opens 9 am Tue","Plot No 4 & 7 Lane 4B, 105-106","090499 92136","https://klugavalon.com/","","Website","","Directions","https://ssl.gstatic.com/local/servicebusiness/default_user.png","""One of the best in its class."""
"https://www.google.com/maps/place/NABAR+COMMUNICATIONS+%26+OFFICE+AUTOMATION+PRODUCTS+PVT+LTD/data=!4m7!3m6!1s0x3bc2bffa457b3b4d:0xd2a2851c4e16424e!8m2!3d18.4955767!4d73.8374998!16s%2Fg%2F1pt_yln7p!19sChIJTTt7Rfq_wjsRTkIWThyFotI?authuser=0&hl=en&rclk=1","NABAR COMMUNICATIONS & OFFICE AUTOMATION PRODUCTS PVT LTD","5.0","(10)","Telecommunications service provider","·","Devgiri Apartment, Shop No.6, B-Wing, ​Sr.No.120 ​Sinhagad Road, Pune – 411030.A+B, Final Plot","Closed","· Opens 9:30 am Tue","","","http://nabarcommunication.com/","","Website","","Directions","https://ssl.gstatic.com/local/servicebusiness/default_user.png","""Nabarcom is best telecommunication and office automation company in Pune."""
"https://www.google.com/maps/place/GABRIL+AUTOMATION+AND+SECURITY-+Boom+Barriers,Automatic+door,sensor+door,entrance+automation,manufacturers+and+dealers/data=!4m7!3m6!1s0x6a8d6a7a179288e3:0x1083814ac625a546!8m2!3d18.5732624!4d73.8792573!16s%2Fg%2F11m5jftpr4!19sChIJ44iSF3pqjWoRRqUlxkqBgxA?authuser=0&hl=en&rclk=1","GABRIL AUTOMATION AND SECURITY- Boom Barriers,Automatic door,sensor door,entrance automation,manufacturers and dealers","5.0","(17)","Automation company","·","·","Closed","· Opens 9 am Tue","office no,209, Jai Ganesh Vishwa Complex","","https://www.gabrilautomation.com/","","Website","","Directions","","On-site services"
"https://www.google.com/maps/place/Rajiv+Electronics/data=!4m7!3m6!1s0x3bc2c0742a2eb7cb:0xa3e232ac6c299d13!8m2!3d18.5120734!4d73.8505424!16s%2Fg%2F1tjys1nq!19sChIJy7cuKnTAwjsRE50pbKwy4qM?authuser=0&hl=en&rclk=1","Rajiv Electronics","3.7","(258)","Electronic parts supplier","·","·","Closed","· Opens 10 am Tue","1030, Shriram Building, near Nagnath Par","020 2447 7218","https://rajivelectronics.com/?srsltid=AfmBOopxIIl9uyLUejW0wj-siCR4o-f-oOcZZrKGWbytATQRtZdQdGN-","","Website","","Directions","","On-site services"
"https://www.google.com/maps/place/Functions+India+%7C%7C+Gate+Automation+%7C%7C+Home+Automation+Company/data=!4m7!3m6!1s0x3bc2c7f4994e90eb:0xa89f5ee1c67c278b!8m2!3d18.5373777!4d73.8822432!16s%2Fg%2F11j4y69j_2!19sChIJ65BOmfTHwjsRiyd8xuFen6g?authuser=0&hl=en&rclk=1","Functions India || Gate Automation || Home Automation Company","4.8","(52)","Home automation company","·","OFFICE NO. 132, 1st FLOOR, Ashoka Mall, Functions India, Bund Garden Rd, next to RANKA JWELLERS","Closed","· Opens 10 am Tue","·","092844 31611","https://functionindiagateautomation.odoo.com/","","Website","","Directions","","On-site services"
"https://www.google.com/maps/place/Banner+Engineering+India+Pvt.+Ltd./data=!4m7!3m6!1s0x3bc2bf777f767ef5:0x5fe984e71b6a6d6b!8m2!3d18.5319088!4d73.8303727!16s%2Fg%2F1vc6bv9n!19sChIJ9X52f3e_wjsRa21qG-eE6V8?authuser=0&hl=en&rclk=1","Banner Engineering India Pvt. Ltd.","4.3","(26)","Manufacturer","·","1002, 10th Floor, 801, Senapati Bapat Rd","Closed","· Opens 9:30 am Tue","·","093721 51898","https://www.bannerengineering.com/in/en.html","","Website","","Directions","",""
"https://www.google.com/maps/place/REVOTHERM+AUTOMATIONS+%28INDIA%29+PVT+LTD/data=!4m7!3m6!1s0xa23f03355d12cca5:0x469a4f3a06ffbead!8m2!3d18.5258628!4d73.8412861!16s%2Fg%2F11w_p9bp1k!19sChIJpcwSXTUDP6IRrb7_BjpPmkY?authuser=0&hl=en&rclk=1","REVOTHERM AUTOMATIONS (INDIA) PVT LTD","5.0","(1)","Engineering consultant","·","Mantri House, 7, Fergusson College Rd","Open 24 hours","","","","http://www.revothermautomation.com/","","Website","","Directions","https://ssl.gstatic.com/local/servicebusiness/default_user.png","""Well service"""
"https://www.google.com/maps/place/Ridhisidhi+Techno+Solution+Pvt.+Ltd./data=!4m7!3m6!1s0x3bc2bf92c5a56e7f:0xbc8791223e6af432!8m2!3d18.5051607!4d73.8281599!16s%2Fg%2F1pp2x574c!19sChIJf26lxZK_wjsRMvRqPiKRh7w?authuser=0&hl=en&rclk=1","Ridhisidhi Techno Solution Pvt. Ltd.","3.2","(28)","Manufacturer","·","Rico 43/2, Karve Road, OppS.N.D.T College, Near Konark, Udyog, SBI Ln","Closed","· Opens 8:30 am Tue","·","080 4605 7777","http://www.ricocontrol.net/","","Website","","Directions","",""
"https://www.google.com/maps/place/Fixtcon+Engineering+Pvt+Ltd+-+Autonics+Sensor%2F+Airtac+Cylinder%2F+CKD+Valve%2F+Delta+PLC+%26+VFD+Dealer+in+Pune/data=!4m7!3m6!1s0x3bc2c202c3895555:0xbcc0bfb4e53b61b0!8m2!3d18.5012319!4d73.9379339!16s%2Fg%2F11h_wxyqbd!19sChIJVVWJwwLCwjsRsGE75bS_wLw?authuser=0&hl=en&rclk=1","Fixtcon Engineering Pvt Ltd - Autonics Sensor/ Airtac Cylinder/ CKD Valve/ Delta PLC & VFD Dealer in Pune","5.0","(2)","Corporate office","·","CTS 226A, PEARL TOWER, FL No A 501, 2/2","Closed","· Opens 9 am Tue","","","http://fixtconengg.com/","","Website","","Directions","https://ssl.gstatic.com/local/servicebusiness/default_user.png","""very good service and support"""
"https://www.google.com/maps/place/Dispotronics/data=!4m7!3m6!1s0x3bc2c012b81e93ef:0xce459b049f32831d!8m2!3d18.5020541!4d73.8500899!16s%2Fg%2F1tn047bg!19sChIJ75MeuBLAwjsRHYMynwSbRc4?authuser=0&hl=en&rclk=1","Dispotronics","5.0","(2)","Manufacturer","·","1st Floor Snehnagar, Meghdoot Building, near Neelayam Theatre","Closed","· Opens 9 am Tue","·","098225 72159","https://www.dispotronics.com/","","Website","","Directions","",""
"https://www.google.com/maps/place/Electronics+Systems+%26+Devices/data=!4m7!3m6!1s0x3bc2c1e555555555:0x9bc67c826243a81c!8m2!3d18.5118653!4d73.9151868!16s%2Fg%2F1td5pqt7!19sChIJVVVVVeXBwjsRHKhDYoJ8xps?authuser=0&hl=en&rclk=1","Electronics Systems & Devices","4.3","(68)","Electronics Company","·","ESD HOUSE, 55 Hadapsar Industrial Estate,","Closed","· Opens 8:30 am Tue","·","089566 01980","https://www.esd-india.com/","","Website","","Directions","",""
"https://www.google.com/maps/place/Spectrum+Sales+Corporation/data=!4m7!3m6!1s0x3bc2c06fde63f01d:0x280e4cdb17d08baf!8m2!3d18.5165239!4d73.8542756!16s%2Fg%2F1vm_wbgd!19sChIJHfBj3m_AwjsRr4vQF9tMDig?authuser=0&hl=en&rclk=1","Spectrum Sales Corporation","4.2","(11)","Electronic parts supplier","·","27-B, Siddharth Chambers Office No.7, 2nd Floor, Appa Balwant Chowk","Closed","· Opens 10 am Tue","·","089755 02467","http://www.spectrumsc.com/","","Website","","Directions","",""
"https://www.google.com/maps/place/OjasviT+Techno+Private+Limited/data=!4m7!3m6!1s0x3bc2bf31208ddaef:0xc2ecd2b0380e2968!8m2!3d18.5190042!4d73.8377179!16s%2Fg%2F11v3rdlw_c!19sChIJ79qNIDG_wjsRaCkOOLDS7MI?authuser=0&hl=en&rclk=1","OjasviT Techno Private Limited","5.0","(20)","Home automation company","·","2nd floor, oppo.kotak bank, Suryaphul App, Lane No. 7","Closed","· Opens 10 am Tue","·","081303 90418","https://ojasvit.in/","","Website","","Directions","https://ssl.gstatic.com/local/servicebusiness/default_user.png","""Really innovative technology and nice service"""
"https://www.google.com/maps/place/Drihten+Technology+Pvt.+Ltd./data=!4m7!3m6!1s0x3bc2b9f89e8d548f:0xc5a7d5f12e6c4969!8m2!3d18.5919749!4d73.800109!16s%2Fg%2F11fktmrrws!19sChIJj1SNnvi5wjsRaUlsLvHVp8U?authuser=0&hl=en&rclk=1","Drihten Technology Pvt. Ltd.","4.9","(12)","Manufacturer","·","5th Floor, Vision Flora Mall, Unit No. 507 to 514, Kunal Icon Rd, opp. PCMC ground, beside Siddhivinayak Ginger Society","Closed","· Opens 9 am Tue","·","073787 11885","https://drihtentechnology.in/","","Website","","Directions","https://ssl.gstatic.com/local/servicebusiness/default_user.png","""Define the peoblem, they find the right solution."""
"https://www.google.com/maps/place/Sunpro+Instruments+India+Pvt+Ltd/data=!4m7!3m6!1s0x3bc2c009f0b399f3:0x1b6586b7da2c0a55!8m2!3d18.499585!4d73.8429839!16s%2Fg%2F1xpwh6xv!19sChIJ85mz8AnAwjsRVQos2reGZRs?authuser=0&hl=en&rclk=1","Sunpro Instruments India Pvt Ltd","3.4","(5)","Electronics Company","·","B, Plot No. 585, Sinhagad Road`","Closed","· Opens 9 am Tue","·","020 2432 1242","http://www.sunproinst.com/","","Website","","Directions","",""
"https://www.google.com/maps/place/Micro-Epsilon+India+Pvt.+Ltd./data=!4m7!3m6!1s0x3bc2c146cce842c3:0xab18863f8437925c!8m2!3d18.5632279!4d73.9206428!16s%2Fg%2F11bvtkhmt4!19sChIJw0LozEbBwjsRXJI3hD-GGKs?authuser=0&hl=en&rclk=1","Micro-Epsilon India Pvt. Ltd.","3.8","(10)","Electronics Company","·","Office No. 101 A, Delta-1, GIGA SPACE IT PARK","Closed","· Opens 9:30 am Tue","·","020 2674 1009","http://www.micro-epsilon.in/","","Website","","Directions","https://ssl.gstatic.com/local/servicebusiness/default_user.png","""Good Quality inspection"""
"https://www.google.com/maps/place/Tronsoft+Technologies/data=!4m7!3m6!1s0x3bc2c118165a49ff:0x5385f572cdee125c!8m2!3d18.5101979!4d73.8346694!16s%2Fg%2F11fs4ym1jf!19sChIJ_0laFhjBwjsRXBLuzXL1hVM?authuser=0&hl=en&rclk=1","Tronsoft Technologies","5.0","(22)","Automation company","·","Office #14, 1st floor, Ganesh chambers, 17/3, Karve Rd, near Sonal hall","Closed","· Opens 9:30 am Tue","·","075593 49467","http://www.tronsoft.co.in/","","Website","","Directions","https://ssl.gstatic.com/local/servicebusiness/default_user.png","""They have the right expertise in IOT and its"
"https://www.google.com/maps/place/NUCLUS+CONTROL/data=!4m7!3m6!1s0x3bc2c11968e5b549:0x6c7d2f1763b7a8ca!8m2!3d18.5493322!4d73.9313684!16s%2Fg%2F11cmh7h63t!19sChIJSbXlaBnBwjsRyqi3YxcvfWw?authuser=0&hl=en&rclk=1","NUCLUS CONTROL","5.0","(2)","Manufacturer","·","First Floor, Survey No. 27/4, Shubh Ganesh Industrial Estate","Closed","· Opens 10 am Tue","·","094225 20386","http://www.nucluscontrol.com/","","Website","","Directions","",""
"https://www.google.com/maps/place/Datalogic+Sensor/data=!4m7!3m6!1s0x3bc2bf43346ab7df:0x44f28bc104809bc7!8m2!3d18.5583202!4d73.7915234!16s%2Fg%2F11ghflfx1k!19sChIJ37dqNEO_wjsRx5uABMGL8kQ?authuser=0&hl=en&rclk=1","Datalogic Sensor","5.0","(3)","Industrial equipment supplier","·","HQ5R+8JC","Closed","· Opens 10 am Tue","","","http://www.applesensor.com/","","Website","","Directions","https://ssl.gstatic.com/local/servicebusiness/default_user.png","""Excellent Datalogic Sensor Prices"""
"https://www.google.com/maps/place/Klug+Avalon+Mechatronics+Pvt.+Ltd./data=!4m7!3m6!1s0x3bc2c1e555555555:0x425e8438ee889cba!8m2!3d18.4936343!4d73.9181152!16s%2Fg%2F1tfjz9jd!19sChIJVVVVVeXBwjsRupyI7jiEXkI?authuser=0&hl=en&rclk=1","Klug Avalon Mechatronics Pvt. Ltd.","4.3","(31)","Manufacturer","·","·","Closed","· Opens 9 am Tue","Plot No 4 & 7 Lane 4B, 105-106","090499 92136","http://nabarcommunication.com/","","Website","","Directions","https://ssl.gstatic.com/local/servicebusiness/default_user.png","""One of the best in its class."""
"https://www.google.com/maps/place/Functions+India+%7C%7C+Gate+Automation+%7C%7C+Home+Automation+Company/data=!4m7!3m6!1s0x3bc2c7f4994e90eb:0xa89f5ee1c67c278b!8m2!3d18.5373777!4d73.8822432!16s%2Fg%2F11j4y69j_2!19sChIJ65BOmfTHwjsRiyd8xuFen6g?authuser=0&hl=en&rclk=1","Functions India || Gate Automation || Home Automation Company","4.8","(52)","Home automation company","·","OFFICE NO. 132, 1st FLOOR, Ashoka Mall, Functions India, Bund Garden Rd, next to RANKA JWELLERS","Closed","· Opens 10 am Tue","·","092844 31611","https://functionindiagateautomation.odoo.com/","","Website","","Directions","",""
"https://www.google.com/maps/place/Banner+Engineering+India+Pvt.+Ltd./data=!4m7!3m6!1s0x3bc2bf777f767ef5:0x5fe984e71b6a6d6b!8m2!3d18.5319088!4d73.8303727!16s%2Fg%2F1vc6bv9n!19sChIJ9X52f3e_wjsRa21qG-eE6V8?authuser=0&hl=en&rclk=1","Banner Engineering India Pvt. Ltd.","4.3","(26)","Manufacturer","·","1002, 10th Floor, 801, Senapati Bapat Rd","Closed","· Opens 9:30 am Tue","·","093721 51898","https://www.bannerengineering.com/in/en.html","","Website","","Directions","https://ssl.gstatic.com/local/servicebusiness/default_user.png","""Well service"""
"https://www.google.com/maps/place/REVOTHERM+AUTOMATIONS+%28INDIA%29+PVT+LTD/data=!4m7!3m6!1s0xa23f03355d12cca5:0x469a4f3a06ffbead!8m2!3d18.5258628!4d73.8412861!16s%2Fg%2F11w_p9bp1k!19sChIJpcwSXTUDP6IRrb7_BjpPmkY?authuser=0&hl=en&rclk=1","REVOTHERM AUTOMATIONS (INDIA) PVT LTD","5.0","(1)","Engineering consultant","·","Mantri House, 7, Fergusson College Rd","Open 24 hours","","","","http://www.revothermautomation.com/","","Website","","Directions","",""
"https://www.google.com/maps/place/Ridhisidhi+Techno+Solution+Pvt.+Ltd./data=!4m7!3m6!1s0x3bc2bf92c5a56e7f:0xbc8791223e6af432!8m2!3d18.5051607!4d73.8281599!16s%2Fg%2F1pp2x574c!19sChIJf26lxZK_wjsRMvRqPiKRh7w?authuser=0&hl=en&rclk=1","Ridhisidhi Techno Solution Pvt. Ltd.","3.2","(28)","Manufacturer","·","Rico 43/2, Karve Road, OppS.N.D.T College, Near Konark, Udyog, SBI Ln","Closed","· Opens 8:30 am Tue","·","080 4605 7777","http://www.ricocontrol.net/","","Website","","Directions","https://ssl.gstatic.com/local/servicebusiness/default_user.png","""very good service and support"""
"https://www.google.com/maps/place/Fixtcon+Engineering+Pvt+Ltd+-+Autonics+Sensor%2F+Airtac+Cylinder%2F+CKD+Valve%2F+Delta+PLC+%26+VFD+Dealer+in+Pune/data=!4m7!3m6!1s0x3bc2c202c3895555:0xbcc0bfb4e53b61b0!8m2!3d18.5012319!4d73.9379339!16s%2Fg%2F11h_wxyqbd!19sChIJVVWJwwLCwjsRsGE75bS_wLw?authuser=0&hl=en&rclk=1","Fixtcon Engineering Pvt Ltd - Autonics Sensor/ Airtac Cylinder/ CKD Valve/ Delta PLC & VFD Dealer in Pune","5.0","(2)","Corporate office","·","CTS 226A, PEARL TOWER, FL No A 501, 2/2","Closed","· Opens 9 am Tue","","","http://fixtconengg.com/","","Website","","Directions","",""
"https://www.google.com/maps/place/Spectrum+Sales+Corporation/data=!4m7!3m6!1s0x3bc2c06fde63f01d:0x280e4cdb17d08baf!8m2!3d18.5165239!4d73.8542756!16s%2Fg%2F1vm_wbgd!19sChIJHfBj3m_AwjsRr4vQF9tMDig?authuser=0&hl=en&rclk=1","Spectrum Sales Corporation","4.2","(11)","Electronic parts supplier","·","27-B, Siddharth Chambers Office No.7, 2nd Floor, Appa Balwant Chowk","Closed","· Opens 10 am Tue","·","089755 02467","http://www.spectrumsc.com/","","Website","","Directions","https://ssl.gstatic.com/local/servicebusiness/default_user.png","""Really innovative technology and nice service"""
"https://www.google.com/maps/place/Drihten+Technology+Pvt.+Ltd./data=!4m7!3m6!1s0x3bc2b9f89e8d548f:0xc5a7d5f12e6c4969!8m2!3d18.5919749!4d73.800109!16s%2Fg%2F11fktmrrws!19sChIJj1SNnvi5wjsRaUlsLvHVp8U?authuser=0&hl=en&rclk=1","Drihten Technology Pvt. Ltd.","4.9","(12)","Manufacturer","·","5th Floor, Vision Flora Mall, Unit No. 507 to 514, Kunal Icon Rd, opp. PCMC ground, beside Siddhivinayak Ginger Society","Closed","· Opens 9 am Tue","·","073787 11885","https://drihtentechnology.in/","","Website","","Directions","",""
"https://www.google.com/maps/place/Sunpro+Instruments+India+Pvt+Ltd/data=!4m7!3m6!1s0x3bc2c009f0b399f3:0x1b6586b7da2c0a55!8m2!3d18.499585!4d73.8429839!16s%2Fg%2F1xpwh6xv!19sChIJ85mz8AnAwjsRVQos2reGZRs?authuser=0&hl=en&rclk=1","Sunpro Instruments India Pvt Ltd","3.4","(5)","Electronics Company","·","B, Plot No. 585, Sinhagad Road`","Closed","· Opens 9 am Tue","·","020 2432 1242","http://www.sunproinst.com/","","Website","","Directions","https://ssl.gstatic.com/local/servicebusiness/default_user.png","""Good Quality inspection"""
"https://www.google.com/maps/place/Tronsoft+Technologies/data=!4m7!3m6!1s0x3bc2c118165a49ff:0x5385f572cdee125c!8m2!3d18.5101979!4d73.8346694!16s%2Fg%2F11fs4ym1jf!19sChIJ_0laFhjBwjsRXBLuzXL1hVM?authuser=0&hl=en&rclk=1","Tronsoft Technologies","5.0","(22)","Automation company","·","Office #14, 1st floor, Ganesh chambers, 17/3, Karve Rd, near Sonal hall","Closed","· Opens 9:30 am Tue","·","075593 49467","http://www.tronsoft.co.in/","","Website","","Directions","",""
"https://www.google.com/maps/place/NUCLUS+CONTROL/data=!4m7!3m6!1s0x3bc2c11968e5b549:0x6c7d2f1763b7a8ca!8m2!3d18.5493322!4d73.9313684!16s%2Fg%2F11cmh7h63t!19sChIJSbXlaBnBwjsRyqi3YxcvfWw?authuser=0&hl=en&rclk=1","NUCLUS CONTROL","5.0","(2)","Manufacturer","·","First Floor, Survey No. 27/4, Shubh Ganesh Industrial Estate","Closed","· Opens 10 am Tue","·","094225 20386","http://www.nucluscontrol.com/","","Website","","Directions","https://ssl.gstatic.com/local/servicebusiness/default_user.png","""Excellent Datalogic Sensor Prices"""
"https://www.google.com/maps/place/Datalogic+Sensor/data=!4m7!3m6!1s0x3bc2bf43346ab7df:0x44f28bc104809bc7!8m2!3d18.5583202!4d73.7915234!16s%2Fg%2F11ghflfx1k!19sChIJ37dqNEO_wjsRx5uABMGL8kQ?authuser=0&hl=en&rclk=1","Datalogic Sensor","5.0","(3)","Industrial equipment supplier","·","HQ5R+8JC","Closed","· Opens 10 am Tue","","","https://www.google.com/aclk?sa=L&ai=DChsSEwiIq6Gh0LGUAxXuJnsHHWN1L3YYACICCAEQAhoCdG0&co=1&ase=2&gclid=Cj0KCQjw_IXQBhCkARIsADqELbKo0RLA20xQxsVQpqIfWU729-r7sYxnNULP1VF9yl2dTyLlmPdnCSAaApJzEALw_wcB&cid=CAAS0wHkaFqy-klFrbLqw0g5hFpRe5DE3SoYpslt17SSL-VrlrGcp-D5Rn5kyWxLvomm_BdFxmqIzdvEKIZjQtX8xSwev6HPQnAhK91SHpcsTOPkQ3PZYzeB5Eu0jEnkHcS9cqwpdYj3XxCBMXx8pxBZVXRpZIytpM9qyWV2X0etrOhEYAHulHm6ocPtgubFSvZzVyYwZhIo2LesVqEkDgp5W3l5OvP7Dim-lSyGxJrNIfj9KHW6FiS1cL7brP54ezAVtnid0FZ7ZDQaqySlhUZ8C1CNxj2g&cce=2&category=acrcp_v1_32&sig=AOD64_3JNWwMwlUnMGgIf1Fpny4HXaK-3w&adurl&q&ctype=99&nis=6","","Website","","Directions","https://ssl.gstatic.com/local/servicebusiness/default_user.png","""Excellent Datalogic Sensor Prices"""
"https://www.google.com/maps/place/PRAVIN+ELECTRONICS+%26+ELECTRICALS/data=!4m7!3m6!1s0x3bc2c04277cdf53d:0x32299c7d10f76391!8m2!3d18.5152798!4d73.8654738!16s%2Fg%2F11b782vzp4!19sChIJPfXNd0LAwjsRkWP3EH2cKTI?authuser=0&hl=en&rclk=1","PRAVIN ELECTRONICS & ELECTRICALS","4.1","(26)","Industrial Spares & Products Wholesaler","·","311,NANA PETH,101/102 NATH MURLI BUILDING LAXMI ROAD,GHODEPIR LANE,ARUNA CHOUK","Closed","· Opens 11 am Tue","·","096577 25391","https://pravininstruments.com/","","Website","","Directions","https://ssl.gstatic.com/local/servicebusiness/default_user.png","""Products quality is good and also multiple brands are available."""
"https://www.google.com/maps/place/Balluff+Automation+India+Pvt+Ltd./data=!4m7!3m6!1s0x3bc2c1569a4fa0bb:0x5d4633238e1f0432!8m2!3d18.530918!4d73.8711261!16s%2Fg%2F11wjdcz7wr!19sChIJu6BPmlbBwjsRMgQfjiMzRl0?authuser=0&hl=en&rclk=1","Balluff Automation India Pvt Ltd.","","","Industrial equipment supplier","·","3rd Floor, Corporate Park, SAI RADHE COMPLEX, 302 & 303, Raja Bahadur Motilal Rd","Closed","· Opens 8:30 am Tue","·","020 6132 0300","https://www.balluff.com/en-in","","Website","","Directions","",""
"https://www.google.com/maps/place/ALCOR+INFOTECH+PVT.+LTD/data=!4m7!3m6!1s0x3bc2bf9499242edf:0xf050c6b9657eb2cb!8m2!3d18.5096206!4d73.8341883!16s%2Fg%2F11s7s9m0z6!19sChIJ3y4kmZS_wjsRy7J-ZbnGUPA?authuser=0&hl=en&rclk=1","ALCOR INFOTECH PVT. LTD","4.5","(13)","Electronics manufacturer","·","Sai House, 17/7, Karve Rd","Closed","· Opens 9:30 am Tue","·","098232 32052","https://www.alcorinfotech.com/","","Website","","Directions","https://ssl.gstatic.com/local/servicebusiness/default_user.png","""Excellent product and outstanding service!"""
"https://www.google.com/maps/place/Sahana+Engineering-Ultrasonic%2FFuel%2FOptical%2FMagnetic%2FOil%2FVisual%2FCapacitance+Level+Switch%2FIndicators%2FSensor+Manufacturers+India/data=!4m7!3m6!1s0x3bc2958e229efe93:0x317c8dbef1a4373!8m2!3d18.6401036!4d73.8228062!16s%2Fg%2F11c5j4qm0g!19sChIJk_6eIo6VwjsRc0Ma79vIFwM?authuser=0&hl=en&rclk=1","Sahana Engineering-Ultrasonic/Fuel/Optical/Magnetic/Oil/Visual/Capacitance Level Switch/Indicators/Sensor Manufacturers India","5.0","(9)","Manufacturer","·","No.- 09, S, Annasaheb Magar Stadium, Lokesh Appartment, Shop, Telco Rd, opposite Indian Oil Petrol Pump","Closed","· Opens 9:30 am Tue","·","099229 59853","https://sahanaengineering.com/","","Website","","Directions","",""
"https://www.google.com/maps/place/Kura+Electronics+And+Electricals/data=!4m7!3m6!1s0x3bc2c06ce5555555:0xca9ef9931b4848bb!8m2!3d18.5080521!4d73.8550283!16s%2Fg%2F1thl3whl!19sChIJVVVV5WzAwjsRu0hIG5P5nso?authuser=0&hl=en&rclk=1","Kura Electronics And Electricals","2.5","(8)","Electronic parts supplier","·","BSNL Exchange 283, Shop No. 6, Prestige Point, behind Bajirao Road","Closed","· Opens 10 am Tue","·","093720 68004","http://www.kuraelectronics.com/","","Website","","Directions","https://ssl.gstatic.com/local/servicebusiness/default_user.png","""The service was top-notch, and the staff were friendly and knowledgeable."""
"https://www.google.com/maps/place/Secure+Automation/data=!4m7!3m6!1s0x3bc2bf4903da06a1:0xfdad9f850541f01b!8m2!3d18.5045154!4d73.8443149!16s%2Fg%2F11j7ylfwmn!19sChIJoQbaA0m_wjsRG_BBBYWfrf0?authuser=0&hl=en&rclk=1","Secure Automation","5.0","(32)","Home automation company","·","102, Amrutsiddhi, Laxmi Park Colony, near Bhide Hospital","Closed","· Opens 10 am Tue","·","084118 04888","http://www.secure-automation.in/","","Website","","Directions","","On-site services"
"https://www.google.com/maps/place/Shree+Venkateshwara+Controls/data=!4m7!3m6!1s0x3bc2bf5133408ded:0xf90251635c49d25c!8m2!3d18.5320255!4d73.8355593!16s%2Fg%2F11mv2svs96!19sChIJ7Y1AM1G_wjsRXNJJXGNRAvk?authuser=0&hl=en&rclk=1","Shree Venkateshwara Controls","4.4","(8)","Automation company","·","#102, Madhukosh, CTS No, 1039, next to Indus Healthcare","Closed","· Opens 9:30 am Tue","·","089757 58887","https://www.svcontrols.com/","","Website","","Directions","https://ssl.gstatic.com/local/servicebusiness/default_user.png","""Best Company Automation"""
"https://www.google.com/maps/place/Robu.in/data=!4m7!3m6!1s0x3bc2b86c43a19c05:0x1b94d6f42eda29c8!8m2!3d18.6306876!4d73.8716872!16s%2Fg%2F11bv33hmc_!19sChIJBZyhQ2y4wjsRyCnaLvTWlBs?authuser=0&hl=en&rclk=1","Robu.in","4.7","(6,089)","Electronic parts supplier","·","·","Closed","· Opens 9:15 am Tue","Magazine Chowk","1800 266 6123","https://robu.in/","","Website","","Directions","","On-site services"
"https://www.google.com/maps/place/KEYENCE+INDIA+PVT+LTD/data=!4m7!3m6!1s0x3bc2c83be33fd449:0x74ba6898362830c7!8m2!3d18.5613148!4d73.9164908!16s%2Fg%2F11fx7nh0xm!19sChIJSdQ_4zvIwjsRxzAoNphounQ?authuser=0&hl=en&rclk=1","KEYENCE INDIA PVT LTD","4.6","(28)","Corporate office","·","·","Closed","· Opens 8:30 am Tue","12th Floor, Unit 1 to 5 Fountainhead Tower, 2, Wadgaon Sheri Raod","020 6726 7100","http://www.keyence.co.in/","","Website","","Directions","",""
"https://www.google.com/maps/place/RIELTA/data=!4m7!3m6!1s0x3bc2c01b9aaaaaab:0x57c546fbc8850dc1!8m2!3d18.4899111!4d73.8573!16s%2Fg%2F11p188kg70!19sChIJq6qqmhvAwjsRwQ2FyPtGxVc?authuser=0&hl=en&rclk=1","RIELTA","4.0","(2)","Manufacturer","·","2nd Floor, 27, ELECTRONIC ESTATE, opp. ADINATH SOCIETY","Closed","· Opens 10 am Tue","·","099606 92262","http://rielta.in/","","Website","","Directions","",""
"https://www.google.com/maps/place/Honeywell+International%28India+%29Pvt+Ltd/data=!4m7!3m6!1s0x3bc2c1ddd073471d:0xd611f5d64655f4f8!8m2!3d18.518741!4d73.9291169!16s%2Fg%2F11pxx8q_ll!19sChIJHUdz0N3BwjsR-PRVRtb1EdY?authuser=0&hl=en&rclk=1","Honeywell International(India )Pvt Ltd","4.0","(2)","Safety equipment supplier","·","302 , Level 3 , Summer Court, near Seasons Mall","Closed","· Opens 9 am Tue","","","https://impactbyhoneywell.com/","","Website","","Directions","",""
"https://www.google.com/maps/place/Apple+Sensor/data=!4m7!3m6!1s0x3bc2bfd2966b0abf:0x608cd1ab9411a750!8m2!3d18.5636494!4d73.7776793!16s%2Fg%2F11rp34fglr!19sChIJvwprltK_wjsRUKcRlKvRjGA?authuser=0&hl=en&rclk=1","Apple Sensor","5.0","(4)","Industrial equipment supplier","·","HQ7H+F33","","","·","096993 97922","http://www.applesensor.com/","","Website","","Directions","https://ssl.gstatic.com/local/servicebusiness/default_user.png","""Best Dealer Supplier Distributor of sensor encoder timer counter controller"""
"","","","","","","","","","","","","","","","","",""