"hfpxzc href","qBF1Pd","MW4etd","UY7F9","W4Efsd","W4Efsd 2","W4Efsd 3","W4Efsd 4","W4Efsd 5","lcr4fd href","Cw1rxd","R8c4Qb","Cw1rxd 2","R8c4Qb 2","W4Efsd 6","UsdlK","Jn12ke src","ah5Ghc","doJOZc","ah5Ghc 2"
"","","","","","","","","","","","","","","","","","","",""
"","","","","","","","","","","","","","","","","","","",""
"https://www.google.com/maps/place/TE+Connectivity/data=!4m7!3m6!1s0x3bc2c30a8032b1e9:0x8045581be64d14f0!8m2!3d18.575159!4d74.014871!16s%2Fg%2F11ftcs1xd5!19sChIJ6bEygArDwjsR8BRN5htYRYA?authuser=0&hl=en&rclk=1","TE Connectivity","4.5","(170)","Electronics Company","·","Survey No. 166/3, Gut No. 95, Rahu Road, , Kesnand","Closed","· Opens 7:30 am Tue","https://www.google.com/aclk?sa=L&ai=DChsSEwiw3Ofg0LGUAxXP_0wCHfRvF6AYACICCAEQARoCdG0&co=1&ase=2&gclid=Cj0KCQjw_IXQBhCkARIsADqELbLv7MaX9mlIWItWq50Pp1tC2t5wTbkMOPAuk5FhP5Fu0lbuoS9BYDkaAp2LEALw_wcB&cid=CAAS0wHkaPo0_gPXdysjV3gvHgnAw-Bsjx-wgN3M88TNvQmBqzi8UemXXqV2yk4RGhf2QgxXEGvLFkLq_OjoDqWvuFzH9R6IY2K9KVc1j8thxt4KGb1rXzYcaFi8OgRXRVQpQS8GAmA6dAH_FXf7jXdRwj7QjvOqKGGKOvzIkWm-5ItUU-f__A5fNyUFJGJZvG4p-znR3VWmy8nx8nrubS8Suqu7aJIB-FbeboJcWOVXNbrhlCKbbKEuEhvWmAanpBgJGmOp4I5aLv4dcUqYFGYycZz2FeJ5&cce=2&category=acrcp_v1_32&sig=AOD64_2u5T5cDRLEtEIQ3bt469K1m1HKCA&adurl&q&ctype=99&nis=6","","Website","","Directions","","","","","",""
"https://www.google.com/maps/place/UNI-TECH+Automation+Pvt.+Ltd./data=!4m7!3m6!1s0x3bc2959ea98d96e3:0x7db632514e2916a3!8m2!3d18.468463!4d73.792137!16s%2Fg%2F1tcvxwb0!19sChIJ45aNqZ6VwjsRoxYpTlEytn0?authuser=0&hl=en&rclk=1","UNI-TECH Automation Pvt. Ltd.","4.5","(41)","Manufacturer","·","79, Survey No. Plot No.7, 2, near Ramelex Industries Limited","Closed","· Opens 9:30 am Tue","https://www.uni-techautomation.com/","","Website","","Directions","·","083900 39700","https://ssl.gstatic.com/local/servicebusiness/default_user.png","""Very good company""","",""
"https://www.google.com/maps/place/Kneo+Automation+Pvt+Ltd-+Industrial+Automation%7C+Digitization%7C+Industry+4.0+solutions/data=!4m7!3m6!1s0x3bc2be316fb02be1:0xc34ecebb1cc3c50c!8m2!3d18.4886816!4d73.7929905!16s%2Fg%2F11c3sr7hjc!19sChIJ4SuwbzG-wjsRDMXDHLvOTsM?authuser=0&hl=en&rclk=1","Kneo Automation Pvt Ltd- Industrial Automation| Digitization| Industry 4.0 solutions","4.0","(20)","Manufacturer","·","501-505 , Fifth floor Building- Highway Heights","Closed","· Opens 9:30 am Tue","http://kneo.in/","","Website","","Directions","·","077090 15122","","","",""
"https://www.google.com/maps/place/B%26R+Industrial+Automation+Pvt.+Ltd./data=!4m7!3m6!1s0x3bc2953358b5de17:0xf8a4e05b3109e78d!8m2!3d18.543896!4d73.851008!16s%2Fg%2F1v3klj46!19sChIJF961WDOVwjsRjecJMVvgpPg?authuser=0&hl=en&rclk=1","B&R Industrial Automation Pvt. Ltd.","4.5","(21)","Automation company","·","Tara Heights, Old Mumbai - Pune Hwy","Closed","· Opens 9:30 am Tue","http://www.br-automation.com/","","Website","","Directions","·","020 4147 8999","https://ssl.gstatic.com/local/servicebusiness/default_user.png","""Great place to visit for Automation &Robotics""","",""
"https://www.google.com/maps/place/iPAC+Automation+Pvt+Ltd+%7C+Control+Systems+%26+Instrumentation/data=!4m7!3m6!1s0x3bc2c268e91165c7:0xee25ff38b41f4543!8m2!3d18.5181316!4d73.9359792!16s%2Fg%2F1hm4xxhz5!19sChIJx2UR6WjCwjsRQ0UftDj_Je4?authuser=0&hl=en&rclk=1","iPAC Automation Pvt Ltd | Control Systems & Instrumentation","4.0","(89)","Automation company","·","·","Closed","· Opens 9 am Tue","https://www.ipacautomation.com/","","Website","","Directions","Office no. 411, 4th floor, Amanora chambers","092700 01751","","On-site services","","Online appointments"
"https://www.google.com/maps/place/Infinity+Automation+Systems+Private+Limited/data=!4m7!3m6!1s0x3bc2b9ab24a4f70b:0x87634e76b1c5b769!8m2!3d18.6201866!4d73.7489987!16s%2Fg%2F11hyl4l_32!19sChIJC_ekJKu5wjsRabfFsXZOY4c?authuser=0&hl=en&rclk=1","Infinity Automation Systems Private Limited","4.3","(51)","Automation company","·","·","Closed","· Opens 8:30 am Tue","http://www.infinityautomations.com/","","Website","","Directions","S No, 80/2A, Mumbai Bangalore Bypass Highway, near JSPM Engg. College","093256 40285","","On-site services","","Online appointments"
"https://www.google.com/maps/place/Analogic+Automation+Pvt.+Ltd./data=!4m7!3m6!1s0x3bc29524b5ea70bb:0x2e979615a9f0591e!8m2!3d18.4543656!4d73.8190415!16s%2Fg%2F11xtxg9pb!19sChIJu3DqtSSVwjsRHlnwqRWWly4?authuser=0&hl=en&rclk=1","Analogic Automation Pvt. Ltd.","4.2","(44)","Automation company","·","Survey No. 45/13/1&2,Sinhgad Institute of Pharmacy, Narhe Road, near Bank of Maharashtra","Closed","· Opens 9 am Tue","http://www.analogic.co.in/","","Website","","Directions","·","020 6643 6800","","","",""
"https://www.google.com/maps/place/FAITH+AUTOMATION+SYSTEMS+%26+TOOLING+PVT+LTD/data=!4m7!3m6!1s0x3bc2b80ab4310fc7:0x5fa75e9cce4155fe!8m2!3d18.7228371!4d73.8209125!16s%2Fg%2F11bbrn08xc!19sChIJxw8xtAq4wjsR_lVBzpxep18?authuser=0&hl=en&rclk=1","FAITH AUTOMATION SYSTEMS & TOOLING PVT LTD","4.5","(140)","Automation company","·","·","Closed","· Opens 8:30 am Tue","http://www.faithautomation.com/","","Website","","Directions","GAT NO. 613-1, behind SPICER INDIA","","https://ssl.gstatic.com/local/servicebusiness/default_user.png","""Faith automation was very good company.""","",""
"https://www.google.com/maps/place/Square+Automation/data=!4m7!3m6!1s0x3bc295f6c390a95d:0x9a7a541caa1ea225!8m2!3d18.4696155!4d73.7901259!16s%2Fg%2F11h1d9mlc!19sChIJXamQw_aVwjsRJaIeqhxUepo?authuser=0&hl=en&rclk=1","Square Automation","4.8","(71)","Manufacturer","·","Dangat Ind. Estate, 81/2, NDA Rd","Closed","· Opens 9 am Tue","http://square-automation.com/","","Website","","Directions","·","094225 48391","https://ssl.gstatic.com/local/servicebusiness/default_user.png","""They best to give solutions for all your","","industrial"
"https://www.google.com/maps/place/Honeywell+Automation+India+Limited/data=!4m7!3m6!1s0x3bc2c1eb2f43577f:0x48d6dae7429007f4!8m2!3d18.51127!4d73.915844!16s%2Fg%2F1tfgh89g!19sChIJf1dDL-vBwjsR9AeQQufa1kg?authuser=0&hl=en&rclk=1","Honeywell Automation India Limited","4.4","(1,049)","Automation company","·","·","","","https://www.honeywell.com/in/en/hail","","Website","","Directions","53,54, 56, & 57","080027 45959","https://ssl.gstatic.com/local/servicebusiness/default_user.png","""I went there to get trained on Industrial Automation.""","",""
"https://www.google.com/maps/place/Microverse+Automation+Pvt.+Ltd./data=!4m7!3m6!1s0x3bc29578054b2233:0xac3aab98d6d83a42!8m2!3d18.4683758!4d73.7922877!16s%2Fg%2F11clsn8zwt!19sChIJMyJLBXiVwjsRQjrY1pirOqw?authuser=0&hl=en&rclk=1","Microverse Automation Pvt. Ltd.","4.1","(28)","Automation company","·","·","Closed","· Opens 9:30 am Tue","https://www.microversedcs.com/","","Website","","Directions","79/2, Dangat Industrial Estate, NDA Rd","077559 67670","","On-site services","","Online appointments"
"https://www.google.com/maps/place/Hi-Tech+Solutions+-+Automation+Company+%26+Automation+Training+Institute+Pune/data=!4m7!3m6!1s0x3bc2c396628bdaff:0x2afaa91cef891e38!8m2!3d18.5737662!4d73.9867907!16s%2Fg%2F11whdjpph2!19sChIJ_9qLYpbDwjsROB6J7xyp-io?authuser=0&hl=en&rclk=1","Hi-Tech Solutions - Automation Company & Automation Training Institute Pune","5.0","(86)","Automation company","·","Office No A-104, Happy Homes, Hi-Tech Solutions, Commercial, Awhalwadi Rd","Closes soon","· 10 pm · Opens 9 am Tue","https://hitechindustrialsolutions.in/","","Website","","Directions","·","077094 20058","https://ssl.gstatic.com/local/servicebusiness/default_user.png","""Their systems are easy to use and suitable for","","industrial"
"https://www.google.com/maps/place/SEIMITSU+Factory+Automation+Pvt.+Ltd./data=!4m7!3m6!1s0x3bc2b82b6f5310b7:0xb41a6800fd1e59df!8m2!3d18.6426432!4d73.8059969!16s%2Fg%2F1pp2x5_t2!19sChIJtxBTbyu4wjsR31ke_QBoGrQ?authuser=0&hl=en&rclk=1","SEIMITSU Factory Automation Pvt. Ltd.","4.4","(98)","Industrial equipment supplier","·","·","Closed","· Opens 10 am Tue","https://www.seimitsu.in/","","Website","","Directions","Seimitsu Tower, Plot No. A-51, H Block, MIDC Industrial Area, Near, Auto-cluster,, Pimpri-Chinchwad,, opp. Devi Industries","020 4621 2700","https://ssl.gstatic.com/local/servicebusiness/default_user.png","""Very good company with quality products and great customer service.""","",""
"https://www.google.com/maps/place/MNCAS+India+Private+Limited/data=!4m7!3m6!1s0x3bc2b8e331703961:0xc8f911b5e350e32e!8m2!3d18.6048149!4d73.7988659!16s%2Fg%2F11f1mxqbzx!19sChIJYTlwMeO4wjsRLuNQ47UR-cg?authuser=0&hl=en&rclk=1","MNCAS India Private Limited","4.5","(57)","Automation company","·","Survey No-317,Shrihari Chauk, Waghere colony No-4, near SUKHWANI NIKETAN","Closed","· Opens 9 am Tue","https://mncas.in/","","Website","","Directions","·","086696 69990","https://ssl.gstatic.com/local/servicebusiness/default_user.png","""MNCAS provide best services related to","","industrial automation"
"https://www.google.com/maps/place/Patil+Automation+Ltd./data=!4m7!3m6!1s0x3bc2b40c4dc5af03:0x991358caec460c29!8m2!3d18.7712518!4d73.7567618!16s%2Fg%2F11cn32hfqr!19sChIJA6_FTQy0wjsRKQxG7MpYE5k?authuser=0&hl=en&rclk=1","Patil Automation Ltd.","4.2","(300)","Industrial equipment supplier","·","·","Closed","· Opens 8:30 am Tue","http://patilautomation.com/","","Website","","Directions","Gat No. 154, Chakan, MIDC Rd, behind GE company","091683 38383","https://ssl.gstatic.com/local/servicebusiness/default_user.png","""Good place to manufacture the production line.""","",""
"https://www.google.com/maps/place/INTACT+Automation+Private+Limited/data=!4m7!3m6!1s0x3bc2b8bd4e596a8b:0x643dc57a745c9de7!8m2!3d18.6147621!4d73.6951621!16s%2Fg%2F11c5s78q60!19sChIJi2pZTr24wjsR551cdHrFPWQ?authuser=0&hl=en&rclk=1","INTACT Automation Private Limited","4.2","(29)","Manufacturer","·","Shiv Shankar House, S. No.43 Near Xrbia, Hinjewadi Somatane Road, Mulshi, Nere","","","http://www.intactautomation.com/","","Website","","Directions","","020 6744 1111","https://ssl.gstatic.com/local/servicebusiness/default_user.png","""Good experience""","",""
"https://www.google.com/maps/place/Dhanandip+Automation/data=!4m7!3m6!1s0x3bc295920a0f34eb:0x1267fe4fff49c748!8m2!3d18.4667096!4d73.8227794!16s%2Fg%2F11fkh05k31!19sChIJ6zQPCpKVwjsRSMdJ_0_-ZxI?authuser=0&hl=en&rclk=1","Dhanandip Automation","4.8","(330)","Automation company","·","·","Closed","· Opens 10 am Tue","http://www.dhanandip.com/","","Website","","Directions","Vasant Arcade, Main bus stop, Panchali Sweet home lane","070300 00421","https://ssl.gstatic.com/local/servicebusiness/default_user.png","""Highly recommended for","","industrial automation"
"https://www.google.com/maps/place/AUTOMATORS+INDUSTRIAL+PROJECTS+PVT+LTD+%7C+PLC+SCADA+in+Pune/data=!4m7!3m6!1s0x3bc2bba5748ef877:0x97c2dbe12cf63f37!8m2!3d18.6013655!4d73.7473505!16s%2Fg%2F11y9z51b26!19sChIJd_iOdKW7wjsRNz_2LOHbwpc?authuser=0&hl=en&rclk=1","AUTOMATORS INDUSTRIAL PROJECTS PVT LTD | PLC SCADA in Pune","4.9","(40)","Automation company","·","Office 701 , 7TH FLOOR ANP Landmark, Bhumkar, Wakad Road","Closed","· Opens 9 am Tue","https://aippal.com/","","Website","","Directions","·","074200 04130","","On-site services","",""
"https://www.google.com/maps/place/Messung+Systems+Pvt+Ltd.+%28+Industrial+%26+Home+Automation+Manufacturing+Unit%29/data=!4m7!3m6!1s0x3bc2b9733a30ac25:0x97f256b8431a188b!8m2!3d18.6232164!4d73.8378691!16s%2Fg%2F11sn_c062z!19sChIJJawwOnO5wjsRixgaQ7hW8pc?authuser=0&hl=en&rclk=1","Messung Systems Pvt Ltd. ( Industrial & Home Automation Manufacturing Unit)","5.0","(10)","Manufacturer","·","Electronic Sadan 3, EL 17-18","Closed","· Opens 9:30 am Tue","http://www.messungautomation.co.in/","","Website","","Directions","·","095617 03619","https://ssl.gstatic.com/local/servicebusiness/default_user.png","""Messung system provides good good service""","",""
"https://www.google.com/maps/place/Innovative+Solutions+India+Private+Limited/data=!4m7!3m6!1s0x3bc2c78c00000001:0x88c6d52615aa4fe!8m2!3d18.6318801!4d73.8273915!16s%2Fg%2F1tvw3czh!19sChIJAQAAAIzHwjsR_qRaYVJtjAg?authuser=0&hl=en&rclk=1","Innovative Solutions India Private Limited","4.6","(50)","Automation company","·","T-62/4, Pimpri-Bhosari Road, near Major Dhyanchand Polygrass Hockey Stadium","Closed","· Opens 9 am Tue","http://www.innsol.in/","","Website","","Directions","·","020 2711 9521","https://ssl.gstatic.com/local/servicebusiness/default_user.png","""Excellent Staff , awesome company""","",""
"https://www.google.com/maps/place/Accuweigh+Automation+%26+Solutions+Pvt.+Ltd./data=!4m7!3m6!1s0x3bc29526d747a487:0x70eada3562e8f20b!8m2!3d18.4378009!4d73.8255488!16s%2Fg%2F11clzhcjgj!19sChIJh6RH1yaVwjsRC_LoYjXa6nA?authuser=0&hl=en&rclk=1","Accuweigh Automation & Solutions Pvt. Ltd.","3.9","(39)","Automation company","·","·","Closed","· Opens 9:30 am Tue","http://www.accuweigh.org/","","Website","","Directions","Sr. No, 23/3/1, Shed No. 2, Ayush Industrial Estate","077218 72872","","On-site services","",""
"https://www.google.com/maps/place/Renu+Electronics+Pvt.+Ltd./data=!4m7!3m6!1s0x3bc2bcbc56588d3f:0x636e8c9c62bb5df7!8m2!3d18.5553329!4d73.7954265!16s%2Fg%2F1tm111kn!19sChIJP41YVry8wjsR9127YpyMbmM?authuser=0&hl=en&rclk=1","Renu Electronics Pvt. Ltd.","4.3","(83)","Manufacturer","·","Survey No 2, 6, Baner Rd","Closed","· Opens 9 am Tue","https://www.renuelectronics.com/","","Website","","Directions","·","020 2729 2840","https://ssl.gstatic.com/local/servicebusiness/default_user.png","""Renu Electronics is good electric company""","",""
"https://www.google.com/maps/place/HIRA+AUTOMATION+PVT.+LTD./data=!4m7!3m6!1s0x3bc2eb2bafaf5481:0x48ca785cf18bb443!8m2!3d18.4332567!4d73.8454259!16s%2Fg%2F11cnd553q_!19sChIJgVSvryvrwjsRQ7SL8Vx4ykg?authuser=0&hl=en&rclk=1","HIRA AUTOMATION PVT. LTD.","4.9","(40)","Manufacturer","·","Sr. No. 60/1, Hira Building, Jambhulwadi Rd, opp. VIVA SAROVAR","Closed","· Opens 9 am Tue","https://hiraautomation.com/","","Website","","Directions","·","090110 22527","https://ssl.gstatic.com/local/servicebusiness/default_user.png","""Well done, best wishes""","",""
"https://www.google.com/maps/place/Asia+Automation+Private+Limited/data=!4m7!3m6!1s0x3bc2bfeb64da8275:0xfb074b2af481e44b!8m2!3d18.5018225!4d73.8237623!16s%2Fg%2F1tf4ch11!19sChIJdYLaZOu_wjsRS-SB9CpLB_s?authuser=0&hl=en&rclk=1","Asia Automation Private Limited","4.0","(1)","Manufacturer","·","Pragati Complex, 22","Closed","· Opens 9 am Tue","http://www.asiaautomation.com/","","Website","","Directions","·","020 2542 0543","","","",""
"https://www.google.com/maps/place/Fori+Automation+India+Private+Limited+%28A+Lincoln+Electric+Company%29/data=!4m7!3m6!1s0x3bc2b8748b5d9d43:0xbcac44b7a69c6f2c!8m2!3d18.6328024!4d73.8278263!16s%2Fg%2F1pp2w_415!19sChIJQ51di3S4wjsRLG-cprdErLw?authuser=0&hl=en&rclk=1","Fori Automation India Private Limited (A Lincoln Electric Company)","4.4","(86)","Automation company","·","Plot No. 34, T Block, MIDC Rd","Closed","· Opens 9 am Tue","https://www.foriauto.com/","","Website","","Directions","·","020 6311 0400","https://ssl.gstatic.com/local/servicebusiness/default_user.png","""Best project and best sarvics
T block geat no.""","",""
"https://www.google.com/maps/place/Accurate+Automation+-+Automation+company+in+Pune/data=!4m7!3m6!1s0x3bc2b9c745555555:0xf8dc22dbb379e7ab!8m2!3d18.6186122!4d73.8394534!16s%2Fg%2F1v9gsxhr!19sChIJVVVVRce5wjsRq-d5s9si3Pg?authuser=0&hl=en&rclk=1","Accurate Automation - Automation company in Pune","4.4","(33)","Automation company","·","Sr. No. 232, Utsav Homes-Bhosari, B-103, 3/A","Closed","· Opens 9 am Tue","https://www.accurateautomationpune.com/","","Website","","Directions","·","097675 74787","https://ssl.gstatic.com/local/servicebusiness/default_user.png","""... are one of the best labview","","automation"
"https://www.google.com/maps/place/Marsh+Automation+Pvt.Ltd./data=!4m7!3m6!1s0x3bc2c1e555555555:0xe5cb46bd59d64458!8m2!3d18.5068823!4d73.9152488!16s%2Fg%2F1tdjvgp4!19sChIJVVVVVeXBwjsRWETWWb1Gy-U?authuser=0&hl=en&rclk=1","Marsh Automation Pvt.Ltd.","4.9","(23)","Manufacturer","·","No. 98A, 25A","Closed","· Opens 10:30 am Tue","https://www.marshautomation.com/enquiry.php","","Website","","Directions","·","095520 21799","","On-site services","",""
"https://www.google.com/maps/place/PMP+Automation+Pvt.+Ltd./data=!4m7!3m6!1s0x3bc2956bc58bc1db:0x6f4719083fd0dd5c!8m2!3d18.4589822!4d73.8164265!16s%2Fg%2F11cn17rfr8!19sChIJ28GLxWuVwjsRXN3QPwgZR28?authuser=0&hl=en&rclk=1","PMP Automation Pvt. Ltd.","3.9","(37)","Automation company","·","S.No.-50/10/12, Near Abhiruchi Industrial Estate, shashwat nagar, Post - Narhe, Tal. Haveli","Closed","· Opens 9:30 am Tue","http://www.pmpapl.com/","","Website","","Directions","·","020 2439 1385","https://ssl.gstatic.com/local/servicebusiness/default_user.png","""Nice experience.""","",""
"https://www.google.com/maps/place/Niteo+Automation+India+Pvt+Ltd/data=!4m7!3m6!1s0x3bc2b9f34dfa553b:0x3bdc69926cd89f8c!8m2!3d18.6414915!4d73.8251671!16s%2Fg%2F11nxfybccc!19sChIJO1X6TfO5wjsRjJ_YbJJp3Ds?authuser=0&hl=en&rclk=1","Niteo Automation India Pvt Ltd","5.0","(14)","Manufacturer","·","Plot No. 5/2/3, F II Block, behind Wonder Car","Open 24 hours","","http://niteoindia.com/","","Website","","Directions","·","077094 00910","https://ssl.gstatic.com/local/servicebusiness/default_user.png","""Top-quality engineering and outstanding customer service!""","",""
"https://www.google.com/maps/place/Uni-Automation+%28I%29+Pvt.+Ltd./data=!4m7!3m6!1s0x3bc2c00fe5555555:0xdc8151aab3ce67b3!8m2!3d18.4977282!4d73.8534561!16s%2Fg%2F1tfkzn9y!19sChIJVVVV5Q_AwjsRs2fOs6pRgdw?authuser=0&hl=en&rclk=1","Uni-Automation (I) Pvt. Ltd.","4.8","(12)","Manufacturer","·","202 Vyankatesh Apartments opposite Patil Plaza, near Parvati","Closed","· Opens 10 am Tue","http://www.uniautomation.com/","","Website","","Directions","·","020 2442 0890","","","",""
"https://www.google.com/maps/place/RV+Automation+-+Robot,+Manipulator,+Integrator,+robotic+automation+system+provider+in+Pune/data=!4m7!3m6!1s0x3bc29546de84ef8b:0x240c24377785f77c!8m2!3d18.4408396!4d73.8237729!16s%2Fg%2F11f730hxqj!19sChIJi--E3kaVwjsRfPeFdzckDCQ?authuser=0&hl=en&rclk=1","RV Automation - Robot, Manipulator, Integrator, robotic automation system provider in Pune","5.0","(24)","Automation company","·","BHAIRAV INDUSTRIAL ESTATE SR NO 25/11","Closed","· Opens 8:30 am Tue","http://www.robotautomation.in/","","Website","","Directions","·","070200 99776","","On-site services","","Online appointments"
"https://www.google.com/maps/place/Turck+India+Automation+private+limited./data=!4m7!3m6!1s0x3bc2bf6f8e39cde9:0x9ad898c06d7b9208!8m2!3d18.5680167!4d73.7751349!16s%2Fg%2F11b7hmzr3w!19sChIJ6c05jm-_wjsRCJJ7bcCY2Jo?authuser=0&hl=en&rclk=1","Turck India Automation private limited.","4.5","(26)","Automation company","·","Level 4, Link road, Baner - Balewadi Rd, near Cummins Complex","Closed","· Opens 9:30 am Tue","http://www.turck.in/","","Website","","Directions","·","077689 33005","","","",""
"https://www.google.com/maps/place/The+World+of+Automation+HVAC,+Industrial+Automation,PLC,SCADA,+,EPLAN,AutoCAD,+SERVO,Training+Institute+in+Pimpri+Chinchwad/data=!4m7!3m6!1s0x3bc2b9d0d725d42b:0xbed9a66573bf7021!8m2!3d18.6275561!4d73.7832469!16s%2Fg%2F11h_1kxzg8!19sChIJK9Ql19C5wjsRIXC_c2Wm2b4?authuser=0&hl=en&rclk=1","The World of Automation HVAC, Industrial Automation,PLC,SCADA, ,EPLAN,AutoCAD, SERVO,Training Institute in Pimpri Chinchwad","4.9","(1,004)","Training center","·","Office No:4, 2nd Floor, Manik Raj Park, PCMC Link Rd, opposite Elpro City Square Mall","Closed","· Opens 8 am Tue","http://www.theworldofautomation.com/","","Website","","Directions","·","098222 94913","","Online classes","",""
"https://www.google.com/maps/place/Hytech+Automation/data=!4m7!3m6!1s0x3bc2956d220afe99:0xdb8d7cc5b5abe145!8m2!3d18.4484968!4d73.8213392!16s%2Fg%2F1pp2wwr9d!19sChIJmf4KIm2VwjsRReGrtcV8jds?authuser=0&hl=en&rclk=1","Hytech Automation","4.3","(50)","Automation company","·","Survey No. 38, 2/19, Pari Chowk, opposite CNG Pump","Closed","· Opens 9 am Tue","http://www.hytechautomation.in/","","Website","","Directions","·","083082 45100","https://ssl.gstatic.com/local/servicebusiness/default_user.png","""Good place and friendly cooperative staff""","",""
"https://www.google.com/maps/place/Sua+Automation/data=!4m7!3m6!1s0x3bc2b80cff5a5149:0x520d154e7d8a350!8m2!3d18.6423733!4d73.8292874!16s%2Fg%2F11dzw5nn51!19sChIJSVFa_wy4wjsRUKPY51TRIAU?authuser=0&hl=en&rclk=1","Sua Automation","4.4","(55)","Automation company","·","·","Closed","· Opens 9 am Tue","http://www.suaautomation.com/","","Website","","Directions","SUA Automation Plot No J-206/2, Pimpri Industrial area, Tal. Haveli, Dist","077740 51541","https://ssl.gstatic.com/local/servicebusiness/default_user.png","""Sua Automation is material handling company!""","",""
"https://www.google.com/maps/place/SAS+Automation+Pvt.+Ltd/data=!4m7!3m6!1s0x3bc2b834df48985b:0x7a02a9e9af27c5af!8m2!3d18.6456189!4d73.7992222!16s%2Fg%2F11d_8cvf8f!19sChIJW5hI3zS4wjsRr8Unr-mpAno?authuser=0&hl=en&rclk=1","SAS Automation Pvt. Ltd","4.6","(65)","Automation company","·","58, Unit, Police Chowki, Shree Sant Dnyaneshwar Industrial Estate, Plot 59, Mohan Nagar Main Rd, near Mohanagar","Closed","· Opens 9 am Tue","http://www.sasautomation.in/","","Website","","Directions","·","077568 69619","https://ssl.gstatic.com/local/servicebusiness/default_user.png","""Excellent company and very good""","",""
"https://www.google.com/maps/place/Varad+Automation+And+Robotics+PVT+LTD/data=!4m7!3m6!1s0x3bc2b80d2e9b697f:0x5c8235e118028017!8m2!3d18.6417893!4d73.8365595!16s%2Fg%2F11byz399l5!19sChIJf2mbLg24wjsRF4ACGOE1glw?authuser=0&hl=en&rclk=1","Varad Automation And Robotics PVT LTD","4.8","(37)","Automation company","·","Plot No.169","Closed","· Opens 9 am Tue","https://www.varadautomation.com/","","Website","","Directions","·","086699 62225","https://ssl.gstatic.com/local/servicebusiness/default_user.png","""Very helpful tool for quality oriented","","companies"
"https://www.google.com/maps/place/SPM+Techno+Automation/data=!4m7!3m6!1s0x3bc2b8776047c05b:0xd385ef3368415b66!8m2!3d18.6439903!4d73.8273849!16s%2Fg%2F11g8_3r38h!19sChIJW8BHYHe4wjsRZltBaDPvhdM?authuser=0&hl=en&rclk=1","SPM Techno Automation","4.8","(12)","Manufacturer","·","536/2","Closed","· Opens 9 am Tue","http://www.spmtechno.com/","","Website","","Directions","·","095527 65057","","","",""
"https://www.google.com/maps/place/ELECTROPOINT+AUTOMATION+PVT.+LTD./data=!4m7!3m6!1s0x3bc2953409a3b7ed:0xbfa02a928a0882d8!8m2!3d18.4650522!4d73.7914327!16s%2Fg%2F1tczcbmg!19sChIJ7bejCTSVwjsR2IIIipIqoL8?authuser=0&hl=en&rclk=1","ELECTROPOINT AUTOMATION PVT. LTD.","4.5","(15)","Automation company","·","Sr. No. 82, 10, inside Sneha Vihar","Closed","· Opens 9:30 am Tue","http://www.electropoint.in/","","Website","","Directions","·","098224 28338","","On-site services","","Online appointments"
"https://www.google.com/maps/place/SKADA+TECHNOLOGY+SOLUTION+PRIVATE+LIMITED/data=!4m7!3m6!1s0x3bc2b8b9dd1ae54d:0xa6deff8429304e26!8m2!3d18.5061996!4d73.8275502!16s%2Fg%2F11c2npsjwm!19sChIJTeUa3bm4wjsRJk4wKYT_3qY?authuser=0&hl=en&rclk=1","SKADA TECHNOLOGY SOLUTION PRIVATE LIMITED","4.4","(152)","Automation company","·","203, SN 42A/1A/2Y, Kedar Empire Kedar Empire, Karve Rd","Closed","· Opens 9 am Tue","","","Directions","","","","","","","",""
"https://www.google.com/maps/place/Tech-Mark+Automation+%26+Controls+%7C+Warehouse+Automation+Solutions+Pune/data=!4m7!3m6!1s0x3bc29578394b75e1:0x9c532af4482315c2!8m2!3d18.466822!4d73.7968162!16s%2Fg%2F1tk4plws!19sChIJ4XVLOXiVwjsRwhUjSPQqU5w?authuser=0&hl=en&rclk=1","Tech-Mark Automation & Controls | Warehouse Automation Solutions Pune","4.5","(30)","Industrial equipment supplier","·","S.No.78/1,Pandhari industrial Estate","Closed","· Opens 10 am Tue","https://techmarkstorage.com/","","Website","","Directions","·","098814 44466","","On-site services","",""
"https://www.google.com/maps/place/Symtronics+Automation+Pvt.+Ltd./data=!4m7!3m6!1s0x3bc2b86309c527d1:0x9a34215e83accc9a!8m2!3d18.6241126!4d73.8277452!16s%2Fg%2F1tfjtqt_!19sChIJ0SfFCWO4wjsRmsysg14hNJo?authuser=0&hl=en&rclk=1","Symtronics Automation Pvt. Ltd.","4.3","(15)","Manufacturer","·","S-1, T Block, MIDC Bhosari","Closed","· Opens 9 am Tue","http://www.symtronicsindia.com/","","Website","","Directions","·","020 6611 4556","","","",""
"https://www.google.com/maps/place/Fleximech+Automation+Engineers/data=!4m7!3m6!1s0x3bc2953c5a484d6b:0xe122180df3b859a!8m2!3d18.4495357!4d73.8221878!16s%2Fg%2F11f2xn6gfp!19sChIJa01IWjyVwjsRmoU734AhEg4?authuser=0&hl=en&rclk=1","Fleximech Automation Engineers","4.8","(14)","Manufacturer","·","S.NO.38/1 KHEDEKAR INDUSTRIAL ESTATE NEAR ZEAL COLLEGE, NARHE","Closed","· Opens 8:30 am Tue","","","Directions","","","·","099700 09777","https://ssl.gstatic.com/local/servicebusiness/default_user.png","""Automation Solution for material transfer...""","",""
"https://www.google.com/maps/place/Cybernetik+Technologies+Pvt+Ltd/data=!4m7!3m6!1s0x3bc2a10015555555:0x71dc09ca80946dc7!8m2!3d18.5031422!4d73.8660525!16s%2Fg%2F1vg_5r3x!19sChIJVVVVFQChwjsRx22UgMoJ3HE?authuser=0&hl=en&rclk=1","Cybernetik Technologies Pvt Ltd","4.6","(11)","Automation company","·","316/5, Village Bhugaon, Ramnadi Paud Road, Mulshi","Closed","· Opens 9 am Tue","https://cybernetik.com/","","Website","","Directions","·","020 6790 9600","","","",""
"https://www.google.com/maps/place/Edifice+Automation+Pvt.+Ltd/data=!4m7!3m6!1s0x3bc2ea61fd2ad6c3:0x99521dcbebcee2af!8m2!3d18.4545922!4d73.8804083!16s%2Fg%2F11h_z8r2rq!19sChIJw9Yq_WHqwjsRr-LO68sdUpk?authuser=0&hl=en&rclk=1","Edifice Automation Pvt. Ltd","5.0","(4)","Automation company","·","6, Sunaya Homes, Kondhwa Rd","Closed","· Opens 9 am Tue","http://edificeautomation.com/","","Website","","Directions","·","099605 88910","","On-site services","","Online appointments"
"https://www.google.com/maps/place/QUARK+AUTOMATION+PVT+LTD/data=!4m7!3m6!1s0x3bc2c74b187aef49:0xf9cf19fec9427b02!8m2!3d18.6653725!4d73.8440596!16s%2Fg%2F11r4gwn_p0!19sChIJSe96GEvHwjsRAntCyf4Zz_k?authuser=0&hl=en&rclk=1","QUARK AUTOMATION PVT LTD","4.6","(26)","Automation company","·","haveli, Gat no 1567, shelar vasti, chikhali, tal, dist","Closed","· Opens 9 am Tue","http://www.quarkautomation.com/","","Website","","Directions","·","083202 78844","https://ssl.gstatic.com/local/servicebusiness/default_user.png","""Good","","manufacturer"
"https://www.google.com/maps/place/MS-PRG+Automation+Pvt.Ltd./data=!4m7!3m6!1s0x3bc2c99138c02653:0x97b5d2057c0fe98a!8m2!3d18.6688714!4d73.9558971!16s%2Fg%2F11h42phs76!19sChIJUybAOJHJwjsRiukPfAXStZc?authuser=0&hl=en&rclk=1","MS-PRG Automation Pvt.Ltd.","4.9","(34)","Manufacturer","·","·","Closed","· Opens 9 am Tue","https://www.prgautomation.com/index.html","","Website","","Directions","Gat No.229, SH 58, Alandi Road","089566 48782","https://ssl.gstatic.com/local/servicebusiness/default_user.png","""Excellent service provider in Pune for all","","industrial automation"
"https://www.google.com/maps/place/Sapphier+Automation+%26+Instruments/data=!4m7!3m6!1s0x3bc2b91a3515a3a1:0x83d8cb638d2ce838!8m2!3d18.6402135!4d73.8337294!16s%2Fg%2F11gmj8290b!19sChIJoaMVNRq5wjsROOgsjWPL2IM?authuser=0&hl=en&rclk=1","Sapphier Automation & Instruments","4.8","(43)","Automation company","·","Rajdhani Industrial CO-OP SOCIETY LTD, D-02, EL-31/13","Closed","· Opens 10 am Tue","http://sapphierautomation.com/","","Website","","Directions","·","099234 79808","https://ssl.gstatic.com/local/servicebusiness/default_user.png","""Best service provider for all industrial automation solution.""","",""
"https://www.google.com/maps/place/S.M.AUTOMATION+%28+PCB+machine+manufacturers%29/data=!4m7!3m6!1s0x3bc2951baaacbc55:0x5cfba19419fb3de5!8m2!3d18.4560978!4d73.7956121!16s%2Fg%2F11fy_2573s!19sChIJVbysqhuVwjsR5T37GZSh-1w?authuser=0&hl=en&rclk=1","S.M.AUTOMATION ( PCB machine manufacturers)","4.4","(13)","Automation company","·","Sr.no75/2,flat no 101, raajveer Estete,Raikar Mala, dhayari","Closed","· Opens 9 am Tue","http://www.smautomationworld.co.in/","","Website","","Directions","·","089751 30147","https://ssl.gstatic.com/local/servicebusiness/default_user.png","""Supppr qwality products""","",""
"https://www.google.com/maps/place/RP+Automations+%7C+Service+%7C+Supply+%7C+Installation+%7C+Commissioning+%7C+Advanced+Automation+Training/data=!4m7!3m6!1s0x3bc2c131f770d2c3:0xdd631fd8a7ac7c8c!8m2!3d18.4801034!4d73.8259718!16s%2Fg%2F11h_szxrpq!19sChIJw9Jw9zHBwjsRjHysp9gfY90?authuser=0&hl=en&rclk=1","RP Automations | Service | Supply | Installation | Commissioning | Advanced Automation Training","5.0","(12)","Automation company","·","12/33, 12/33, Sinhgad Rd","Closed","· Opens 9:30 am Tue","http://www.rpautomations.in/","","Website","","Directions","·","097643 54066","","On-site services","",""
"https://www.google.com/maps/place/iTech+Robotics+%26+Automation+Pvt.Ltd/data=!4m7!3m6!1s0x3bc2b64de83871f9:0x54c9caf88b07e02d!8m2!3d18.7175272!4d73.8156978!16s%2Fg%2F11g6xdcmj1!19sChIJ-XE46E22wjsRLeAHi_jKyVQ?authuser=0&hl=en&rclk=1","iTech Robotics & Automation Pvt.Ltd","4.6","(97)","Automation company","·","·","Closed","· Opens 9 am Tue","http://www.irobotics.co.in/","","Website","","Directions","Gat no-444/2,Success Property Venture,Plot No-49,Nighoje, Tal","077220 65205","https://ssl.gstatic.com/local/servicebusiness/default_user.png","""From concept to execution, their team delivers with precision.""","",""
"https://www.google.com/maps/place/UL+SYSTEMS+AND+CONTROLS+INDIA+PVT+LTD/data=!4m7!3m6!1s0x3bc2e9f79e74c6ff:0x84bf261d880af720!8m2!3d18.4781714!4d73.9388271!16s%2Fg%2F11f5dvrgr1!19sChIJ_8Z0nvfpwjsRIPcKiB0mv4Q?authuser=0&hl=en&rclk=1","UL SYSTEMS AND CONTROLS INDIA PVT LTD","4.6","(24)","Automation company","·","Swami Vivekand Industrial Estate, Handewadi Rd","Closed","· Opens 9:30 am Tue","http://www.ulepl.com/","","Website","","Directions","","","https://ssl.gstatic.com/local/servicebusiness/default_user.png","""Good service""","",""
"https://www.google.com/maps/place/SSIG+Manufacturing+Advancements+Pvt.+Ltd./data=!4m7!3m6!1s0x3bc2bff58610aa67:0xefaedc3ab432adfb!8m2!3d18.5542899!4d73.7984851!16s%2Fg%2F11fb2w1g_2!19sChIJZ6oQhvW_wjsR-60ytDrcru8?authuser=0&hl=en&rclk=1","SSIG Manufacturing Advancements Pvt. Ltd.","4.7","(234)","Training center","·","406, Deron Heights, opp. Hotel Mahabaleshwar","Closed","· Opens 9:30 am Tue","http://www.ssigma.in/","","Website","","Directions","·","095791 73497","","On-site services","","Online classes"
"https://www.google.com/maps/place/Falcon+Automation+Technology+-+PLC+Panel,+VFD+Panel,+MCC+Panel,+APFC+Panel,+PCC+Panel+Manufacturer+in+Pune,+India/data=!4m7!3m6!1s0x3bc295d9f0346539:0x7fd18ce66eba37b2!8m2!3d18.6718392!4d73.7859091!16s%2Fg%2F11rjz4ck28!19sChIJOWU08NmVwjsRsje6buaM0X8?authuser=0&hl=en&rclk=1","Falcon Automation Technology - PLC Panel, VFD Panel, MCC Panel, APFC Panel, PCC Panel Manufacturer in Pune, India","5.0","(18)","Automation company","·","Gat No. 166, Sahyog Nagar, Tower Line Rd","Closed","· Opens 9 am Tue","http://falconautomation.in/","","Website","","Directions","·","072762 11433","https://ssl.gstatic.com/local/servicebusiness/default_user.png","""It's right place for","","industrial automation"
"https://www.google.com/maps/place/Pioneer+Technology/data=!4m7!3m6!1s0x3bc2b87d37af337d:0x21ead22db498facf!8m2!3d18.6487735!4d73.8555452!16s%2Fg%2F11cly6bdk9!19sChIJfTOvN324wjsRz_qYtC3S6iE?authuser=0&hl=en&rclk=1","Pioneer Technology","4.5","(59)","Automation company","·","Pioneer Technology Survey no. 452/1/1, Saidatta reality, Near Jai Ganesh Samrajya chowk,Alankapuram road, Opp jaywant nagar , Maharashtra Rajya Vakhar mahamandal kendra, PCMC","Open 24 hours","","http://www.pioneerautomation.in/","","Website","","Directions","·","088888 30107","https://ssl.gstatic.com/local/servicebusiness/default_user.png","""Excellent support team and genuine automation products.""","",""
"https://www.google.com/maps/place/R.K+Industrial+Automation+products/data=!4m7!3m6!1s0x3bc2b9bd70b5316f:0xf390222031f2a0a4!8m2!3d18.6261036!4d73.8265288!16s%2Fg%2F11c1x22ww9!19sChIJbzG1cL25wjsRpKDyMSAikPM?authuser=0&hl=en&rclk=1","R.K Industrial Automation products","4.5","(31)","Corporate office","·","R K INDUSTRIAL AUTOMATION PRODUCTS W-53, T Block Near AGIO Farma Behind Hockey Stadium Neharu Nagar Bhosari MIDC Pune-411026","Closed","· Opens 9:30 am Tue","http://www.rewpune.com/","","Website","","Directions","","","https://ssl.gstatic.com/local/servicebusiness/default_user.png","""Complete automation products""","",""
"https://www.google.com/maps/place/SMART+AUTOMATION+%26+HYDROPNEUMATICS+%28P%29+LTD./data=!4m7!3m6!1s0x3bc2eb67893b5675:0xc7a77fe4a8a27c1d!8m2!3d18.4334415!4d73.8698491!16s%2Fg%2F11j0847ntq!19sChIJdVY7iWfrwjsRHXyiqOR_p8c?authuser=0&hl=en&rclk=1","SMART AUTOMATION & HYDROPNEUMATICS (P) LTD.","4.1","(11)","Automation company","·","S.NO. 14/1A +, mahesh Bandal Jadhavnagar, Smart Automation And Hydro Pneumatic, NEAR, Gujarwadi Rd","Closed","· Opens 10 am Tue","http://sahpl.co.in/","","Website","","Directions","·","094220 12179","","","",""
"https://www.google.com/maps/place/Swastika+Automation+Solutions/data=!4m7!3m6!1s0x3bc2b9abbc000001:0xa84d7b802eba70e1!8m2!3d18.6214234!4d73.7931209!16s%2Fg%2F11m903rpny!19sChIJAQAAvKu5wjsR4XC6LoB7Tag?authuser=0&hl=en&rclk=1","Swastika Automation Solutions","5.0","(17)","Automation company","·","A10 , Adi Paradise Vijaynagar, near SAI EMERALD","Closed","· Opens 9 am Tue","https://swastikaas.in/","","Website","","Directions","·","098504 89716","","On-site services","","Online appointments"
"https://www.google.com/maps/place/IPCS+Automation+Projects+,+VFD+Supplier+and+Dealer,+PLC+Dealer,+Supplier+and+Programmer/data=!4m7!3m6!1s0x3bc2b7513e0b8253:0xc32072055a4be279!8m2!3d18.6625241!4d73.7925077!16s%2Fg%2F11k41x3rpr!19sChIJU4ILPlG3wjsReeJLWgVyIMM?authuser=0&hl=en&rclk=1","IPCS Automation Projects , VFD Supplier and Dealer, PLC Dealer, Supplier and Programmer","4.8","(24)","Automation company","·","Office No.224, 2nd Floor, behind Kundan Hyundai Thermax Chowk","Open 24 hours","","https://ipcs.com.co/","","Website","","Directions","·","090488 46664","https://ssl.gstatic.com/local/servicebusiness/default_user.png","""Best service providers for all","","industrial automation"
"https://www.google.com/maps/place/Inerrant+Robotomation+Pvt.+Ltd+%7C+Electrical+%7C+Portable+%7C+Press+%7C+Laser+%7C+Integrated+Marking+Machine+in+Pune/data=!4m7!3m6!1s0x3bc2958674ac1c01:0x106db45209bb0635!8m2!3d18.4550139!4d73.794121!16s%2Fg%2F11j1h3rb5w!19sChIJARysdIaVwjsRNQa7CVK0bRA?authuser=0&hl=en&rclk=1","Inerrant Robotomation Pvt. Ltd | Electrical | Portable | Press | Laser | Integrated Marking Machine in Pune","4.5","(17)","Manufacturer","·","16/10A/11, Sinhgad Rd","Open 24 hours","","https://inerrant.co.in/","","Website","","Directions","·","070309 77331","https://ssl.gstatic.com/local/servicebusiness/default_user.png","""A reliable company providing quality","","automation"
"https://www.google.com/maps/place/TAS+India+Pvt.+Ltd.-SEZ+Office/data=!4m7!3m6!1s0x3bc2c1f1b434ef23:0x18607bd1dd3b533!8m2!3d18.4916706!4d73.9525379!16s%2Fg%2F11ghsfcynf!19sChIJI-80tPHBwjsRM7XTHb0HhgE?authuser=0&hl=en&rclk=1","TAS India Pvt. Ltd.-SEZ Office","4.3","(26)","Automation company","·","·","Closed","· Opens 9:30 am Tue","http://www.tasind.com/","","Website","","Directions","Building 4a, Office No.3, Sp Infocity, Sez, Phursungi","083280 03778","","","",""
"https://www.google.com/maps/place/MS-PRG+Automation+Pvt.Ltd./data=!4m7!3m6!1s0x3bc2c99138c02653:0x97b5d2057c0fe98a!8m2!3d18.6688714!4d73.9558971!16s%2Fg%2F11h42phs76!19sChIJUybAOJHJwjsRiukPfAXStZc?authuser=0&hl=en&rclk=1","MS-PRG Automation Pvt.Ltd.","4.9","(34)","Manufacturer","·","·","Closed","· Opens 9 am Tue","http://sapphierautomation.com/","","Website","","Directions","Gat No.229, SH 58, Alandi Road","089566 48782","https://ssl.gstatic.com/local/servicebusiness/default_user.png","""Best service provider for all industrial automation solution.""","",""
"https://www.google.com/maps/place/R.K+Industrial+Automation+products/data=!4m7!3m6!1s0x3bc2b9bd70b5316f:0xf390222031f2a0a4!8m2!3d18.6261036!4d73.8265288!16s%2Fg%2F11c1x22ww9!19sChIJbzG1cL25wjsRpKDyMSAikPM?authuser=0&hl=en&rclk=1","R.K Industrial Automation products","4.5","(31)","Corporate office","·","R K INDUSTRIAL AUTOMATION PRODUCTS W-53, T Block Near AGIO Farma Behind Hockey Stadium Neharu Nagar Bhosari MIDC Pune-411026","Closed","· Opens 9:30 am Tue","http://www.rewpune.com/","","Website","","Directions","","","","","",""
"https://www.google.com/maps/place/SMART+AUTOMATION+%26+HYDROPNEUMATICS+%28P%29+LTD./data=!4m7!3m6!1s0x3bc2eb67893b5675:0xc7a77fe4a8a27c1d!8m2!3d18.4334415!4d73.8698491!16s%2Fg%2F11j0847ntq!19sChIJdVY7iWfrwjsRHXyiqOR_p8c?authuser=0&hl=en&rclk=1","SMART AUTOMATION & HYDROPNEUMATICS (P) LTD.","4.1","(11)","Automation company","·","S.NO. 14/1A +, mahesh Bandal Jadhavnagar, Smart Automation And Hydro Pneumatic, NEAR, Gujarwadi Rd","Closed","· Opens 10 am Tue","http://sahpl.co.in/","","Website","","Directions","·","094220 12179","","On-site services","","Online appointments"
"https://www.google.com/maps/place/Inerrant+Robotomation+Pvt.+Ltd+%7C+Electrical+%7C+Portable+%7C+Press+%7C+Laser+%7C+Integrated+Marking+Machine+in+Pune/data=!4m7!3m6!1s0x3bc2958674ac1c01:0x106db45209bb0635!8m2!3d18.4550139!4d73.794121!16s%2Fg%2F11j1h3rb5w!19sChIJARysdIaVwjsRNQa7CVK0bRA?authuser=0&hl=en&rclk=1","Inerrant Robotomation Pvt. Ltd | Electrical | Portable | Press | Laser | Integrated Marking Machine in Pune","4.5","(17)","Manufacturer","·","16/10A/11, Sinhgad Rd","Open 24 hours","","https://inerrant.co.in/","","Website","","Directions","·","070309 77331","","","",""
"https://www.google.com/maps/place/TAS+India+Pvt.+Ltd.-SEZ+Office/data=!4m7!3m6!1s0x3bc2c1f1b434ef23:0x18607bd1dd3b533!8m2!3d18.4916706!4d73.9525379!16s%2Fg%2F11ghsfcynf!19sChIJI-80tPHBwjsRM7XTHb0HhgE?authuser=0&hl=en&rclk=1","TAS India Pvt. Ltd.-SEZ Office","4.3","(26)","Automation company","·","·","Closed","· Opens 9:30 am Tue","https://www.google.com/aclk?sa=L&ai=DChsSEwiw3Ofg0LGUAxXP_0wCHfRvF6AYACICCAEQARoCdG0&co=1&ase=2&gclid=Cj0KCQjw_IXQBhCkARIsADqELbLv7MaX9mlIWItWq50Pp1tC2t5wTbkMOPAuk5FhP5Fu0lbuoS9BYDkaAp2LEALw_wcB&cid=CAAS0wHkaPo0_gPXdysjV3gvHgnAw-Bsjx-wgN3M88TNvQmBqzi8UemXXqV2yk4RGhf2QgxXEGvLFkLq_OjoDqWvuFzH9R6IY2K9KVc1j8thxt4KGb1rXzYcaFi8OgRXRVQpQS8GAmA6dAH_FXf7jXdRwj7QjvOqKGGKOvzIkWm-5ItUU-f__A5fNyUFJGJZvG4p-znR3VWmy8nx8nrubS8Suqu7aJIB-FbeboJcWOVXNbrhlCKbbKEuEhvWmAanpBgJGmOp4I5aLv4dcUqYFGYycZz2FeJ5&cce=2&category=acrcp_v1_32&sig=AOD64_2u5T5cDRLEtEIQ3bt469K1m1HKCA&adurl&q&ctype=99&nis=6","","Website","","Directions","Building 4a, Office No.3, Sp Infocity, Sez, Phursungi","083280 03778","","","",""
"https://www.google.com/maps/place/Viak+Automation+Systems+Pvt+Ltd/data=!4m7!3m6!1s0x3bc2b70e6bb4b969:0x80231a39c60bec81!8m2!3d18.6791276!4d73.7899531!16s%2Fg%2F11pz13gf91!19sChIJabm0aw63wjsRgewLxjkaI4A?authuser=0&hl=en&rclk=1","Viak Automation Systems Pvt Ltd","5.0","(18)","Automation company","·","·","Closed","· Opens 9 am Tue","https://viakindia.com/","","Website","","Directions","GAT NO. 130, NIGDI, Talawade Rd","074061 41414","https://ssl.gstatic.com/local/servicebusiness/default_user.png","""Excellent quality work & service….!!!""","",""
"https://www.google.com/maps/place/NEPTUNE+SYSTEMS+-+Factory+Automation,+Automatic+Cutting+Machine+Manufacturer,+Robots+Manufacturer+in+Pune/data=!4m7!3m6!1s0x3bc2c0cd87a62dfb:0xd093ab22d18db744!8m2!3d18.5742528!4d73.8769374!16s%2Fg%2F11clvzbmzv!19sChIJ-y2mh83AwjsRRLeN0SKrk9A?authuser=0&hl=en&rclk=1","NEPTUNE SYSTEMS - Factory Automation, Automatic Cutting Machine Manufacturer, Robots Manufacturer in Pune","4.4","(5)","Manufacturer","·","No. 207, Pune - Alandi Rd, near Fish Market","Closed","· Opens 9:30 am Tue","http://www.neptunesystems.in/","","Website","","Directions","·","091754 57466","","","",""
"https://www.google.com/maps/place/AUTO+BOTS+PRIVATE+LIMITED+-+Industrial+Automation+and+Robotics+Company+in+Pune/data=!4m7!3m6!1s0x46aaef44e345708d:0x34d77e769d88aa63!8m2!3d18.6233681!4d73.8248256!16s%2Fg%2F11lmk5_qq1!19sChIJjXBF40TvqkYRY6qInXZ-1zQ?authuser=0&hl=en&rclk=1","AUTO BOTS PRIVATE LIMITED - Industrial Automation and Robotics Company in Pune","4.7","(3)","Automation company","·","First floor, Pavana Industrial Estate, Unit No, B-52","Closed","· Opens 9:30 am Tue","https://autobotsltd.com/","","Website","","Directions","·","096732 07838","","On-site services","","Online appointments"
"https://www.google.com/maps/place/Excellence+Automation+and+Robotics/data=!4m7!3m6!1s0x3bc2eab735fbb2c3:0xeb563234e2c37cd5!8m2!3d18.641892!4d73.8235809!16s%2Fg%2F11b7ftjpk4!19sChIJw7L7NbfqwjsR1XzD4jQyVus?authuser=0&hl=en&rclk=1","Excellence Automation and Robotics","4.8","(17)","Automation company","·","·","Closed","· Opens 9 am Tue","https://parcrobotics.in/","","Website","","Directions","Plot No. Fll /57/1/9 , F-ll Block, near Container Freight Station","098601 47671","","","",""
"https://www.google.com/maps/place/Endeavour+Automation-Danfoss%2FSchneider%2FABB%2FSiemens%2F-Schneider%2FSiemens%2FYaskawa+VFD%2FAC%2FDC%2FServo+Drive+Repair%2FRepairing+in+Pune/data=!4m7!3m6!1s0x3bc2b9d34e88bf9b:0x65a1bd4992064a16!8m2!3d18.6244722!4d73.759113!16s%2Fg%2F11fpkl2px1!19sChIJm7-ITtO5wjsRFkoGkkm9oWU?authuser=0&hl=en&rclk=1","Endeavour Automation-Danfoss/Schneider/ABB/Siemens/-Schneider/Siemens/Yaskawa VFD/AC/DC/Servo Drive Repair/Repairing in Pune","4.5","(68)","Automation company","·","·","Closed","· Opens 10 am Tue","http://endeavours.in/","","Website","","Directions","Survey No. - 9/2/A1, near Genesis Seating Systems, Sapkal Wasti","098605 02108","https://ssl.gstatic.com/local/servicebusiness/default_user.png","""The work quality was excellent, delivered on time, and priced competitively.""","",""
"https://www.google.com/maps/place/Softcon+Systems+Private+Limited/data=!4m7!3m6!1s0x3bc2b989e3703be7:0xc462cb22a90722ae!8m2!3d18.6206818!4d73.7466434!16s%2Fg%2F11gzdh_5c!19sChIJ5ztw44m5wjsRriIHqSLLYsQ?authuser=0&hl=en&rclk=1","Softcon Systems Private Limited","4.3","(67)","Automation company","·","S. No. 80/02, Off Mumbai- Bangalore Highway, Tathawade, next to JSPM Campus","Closed","· Opens 9 am Tue","https://softcon.net.in/","","Website","","Directions","·","088888 25314","https://ssl.gstatic.com/local/servicebusiness/default_user.png","""Best company in the field of","","industrial Automation"
"https://www.google.com/maps/place/SN+Automation-Siemens%2FFanuc%2FMitsubishi%2FYaskawa+Servo+Drive+Motor+Repair,Encoder%2FCable%2FSMI+Connector,Spindle+motor%2Fsensor+PUNE/data=!4m7!3m6!1s0x3bc2b78a5851d447:0x81a5b9a258c49059!8m2!3d18.6391067!4d73.8272879!16s%2Fg%2F11gb3tvpmt!19sChIJR9RRWIq3wjsRWZDEWKK5pYE?authuser=0&hl=en&rclk=1","SN Automation-Siemens/Fanuc/Mitsubishi/Yaskawa Servo Drive Motor Repair,Encoder/Cable/SMI Connector,Spindle motor/sensor PUNE","4.7","(92)","Repair service","·","·","Closed","· Opens 9 am Tue","http://www.snautomation.co.in/","","Website","","Directions","Anukul Chowk, Plot No 540/5, Shree Tower, MIDC Rd","096891 15161","","On-site services","",""
"https://www.google.com/maps/place/CLEANOSK+Automation/data=!4m7!3m6!1s0x3bc2eb28eee8aedf:0x48d1609a9c029d5f!8m2!3d18.4662878!4d73.789337!16s%2Fg%2F11s4y36v3s!19sChIJ367o7ijrwjsRX50CnJpg0Ug?authuser=0&hl=en&rclk=1","CLEANOSK Automation","5.0","(61)","Manufacturer","·","Sr. No. – 83/2, Anant Industrial Estate, 1st Kaman, Dangat Industrial Estate, opp. Sneha Vihar B-1 Shivane","Closed","· Opens 9 am Tue","https://www.cleanosk.co.in/enquiry.php","","Website","","Directions","·","093595 75294","https://ssl.gstatic.com/local/servicebusiness/default_user.png","""Good Quality

Good Service

Good Delivery time""","",""
"https://www.google.com/maps/place/PLC,+SCADA,HMI,EPLAN+Industrial+Automation+Training+Institute+Pune-Empirical+Pvt+Ltd/data=!4m7!3m6!1s0x3bc29511937b62f7:0xad899b4c8a57ed72!8m2!3d18.4600111!4d73.8228041!16s%2Fg%2F11mtd71l0s!19sChIJ92J7kxGVwjsRcu1Xikybia0?authuser=0&hl=en&rclk=1","PLC, SCADA,HMI,EPLAN Industrial Automation Training Institute Pune-Empirical Pvt Ltd","4.5","(57)","Training center","·","Office 405, Fourth Floor, Navale Icon near Navale bridge, Mumbai, Bangore expressway","Closed","· Opens 10 am Tue","http://www.empiricaltechnologies.in/","","Website","","Directions","·","098228 14773","","On-site services","","Online classes"
"https://www.google.com/maps/place/The+World+of+Automation-HVAC,+Industrial+Automation+PLC,SCADA,SERVO,+AutoCAD,Eplan+Training+Institute+in+Pune/data=!4m7!3m6!1s0x3bc2c1be59badf4b:0xc4c5c2512f6b98dd!8m2!3d18.5173127!4d73.8415572!16s%2Fg%2F11qh65yv9b!19sChIJS9-6Wb7BwjsR3ZhrL1HCxcQ?authuser=0&hl=en&rclk=1","The World of Automation-HVAC, Industrial Automation PLC,SCADA,SERVO, AutoCAD,Eplan Training Institute in Pune","4.9","(578)","Training center","·","Office No-13/14,3Rd Floor, Fergusson College Rd, opp. Cafe Goodluck, above Tiranga Hotel","Closed","· Opens 10 am Tue","https://www.theworldofautomation.com/","","Website","","Directions","·","098222 94913","","On-site services","","Online classes"
"https://www.google.com/maps/place/SUSAN+AUTOMATIONS+INDIA+PRIVATE+LIMITED/data=!4m7!3m6!1s0x3bc2bfe41c382c71:0x88391b25c056e128!8m2!3d18.5193054!4d73.7783982!16s%2Fg%2F11qntrc2d4!19sChIJcSw4HOS_wjsRKOFWwCUbOYg?authuser=0&hl=en&rclk=1","SUSAN AUTOMATIONS INDIA PRIVATE LIMITED","5.0","(1)","Industrial equipment supplier","·","30, Dr. Homi Bhabha Rd","Closed","· Opens 9:30 am Tue","","","Directions","","","·","070660 37953","","","",""
"https://www.google.com/maps/place/Enso+Automation+Pvt.Ltd/data=!4m7!3m6!1s0x3bc2b9ba30466e01:0x9372f4055dc307f9!8m2!3d18.5953428!4d73.7600288!16s%2Fg%2F11ng0m8qf5!19sChIJAW5GMLq5wjsR-QfDXQX0cpM?authuser=0&hl=en&rclk=1","Enso Automation Pvt.Ltd","4.5","(2)","Automation company","·","WING-B, Enso, House 15","Closed","· Opens 9 am Tue","http://www.ensoautomationindia.com/","","Website","","Directions","","","","Online appointments","","On-site services not available"
"https://www.google.com/maps/place/Rajdeep+Automation/data=!4m7!3m6!1s0x3bc29572a806617b:0x652a8a79078c3ff0!8m2!3d18.4576094!4d73.8066848!16s%2Fg%2F1tfpy92d!19sChIJe2EGqHKVwjsR8D-MB3mKKmU?authuser=0&hl=en&rclk=1","Rajdeep Automation","4.0","(25)","Automation company","·","143, Sinhagad Road Dhayri, Sinhagad Road Vadgaon Dhayari","Closed","· Opens 9:15 am Tue","http://www.rajdeep.in/","","Website","","Directions","·","020 2439 3755","","","",""
"https://www.google.com/maps/place/Master+Automation+And+Robotics+Private+Limited/data=!4m7!3m6!1s0x3bc2c78c00000001:0x4c7343b7f6f6a53b!8m2!3d18.6411121!4d73.8301975!16s%2Fg%2F1tf46lr3!19sChIJAQAAAIzHwjsRO6X29rdDc0w?authuser=0&hl=en&rclk=1","Master Automation And Robotics Private Limited","4.6","(7)","Material handling equipment supplier","·","J-523, M I D C, Bhosari, Opposite Dairy Tops, Bhosari","Closed","· Opens 8 am Tue","","","Directions","","","·","020 2543 8525","https://ssl.gstatic.com/local/servicebusiness/default_user.png","""Nice company....""","",""
"https://www.google.com/maps/place/La+Quanta+Technology+Pvt.Ltd./data=!4m7!3m6!1s0x3bc2c18e9a455555:0xa92471f493cf883a!8m2!3d18.5480063!4d73.9362308!16s%2Fg%2F11gcw6dg1c!19sChIJVVVFmo7BwjsROojPk_RxJKk?authuser=0&hl=en&rclk=1","La Quanta Technology Pvt.Ltd.","5.0","(21)","Manufacturer","·","·","Closed","· Opens 10 am Tue","http://laquantatechnology.com/","","Website","","Directions","SBI bank, Second Floor, Above Z-plus furniture, Tukaram nagar, Besides, Kharadi - Hadapsar Bypass Rd","098208 06133","https://ssl.gstatic.com/local/servicebusiness/default_user.png","""Very good company ✅✅✅✅""","",""
"https://www.google.com/maps/place/Kuksons+Electronics+Private+Limited,+Bhosari/data=!4m7!3m6!1s0x3bc2c065a7c56561:0x7a93cc4d06cb12aa!8m2!3d18.6407778!4d73.8338481!16s%2Fg%2F1tkbwp31!19sChIJYWXFp2XAwjsRqhLLBk3Mk3o?authuser=0&hl=en&rclk=1","Kuksons Electronics Private Limited, Bhosari","3.6","(116)","Automation company","·","Unit 14, Electronic Sadan III","Closed","· Opens 9 am Tue","https://kuksons.com/m/contact.html","","Website","","Directions","·","020 3054 6106","https://ssl.gstatic.com/local/servicebusiness/default_user.png","""Good company for work.""","",""
"https://www.google.com/maps/place/SL+Tech+Automation/data=!4m7!3m6!1s0x3bc2b769937d3f1d:0x954a8e1e83cc1cdd!8m2!3d18.6757383!4d73.7887493!16s%2Fg%2F11n0kbpw7v!19sChIJHT99k2m3wjsR3RzMgx6OSpU?authuser=0&hl=en&rclk=1","SL Tech Automation","4.6","(14)","Automation company","·","Haveli, Gat No.162B, Tower Line, Tal, near Avishkar Motors","Closed","· Opens 8 am Tue","http://www.sltechindia.com/","","Website","","Directions","·","099229 29776","","","",""
"https://www.google.com/maps/place/Perfecto+Robotics+Private+Limited/data=!4m7!3m6!1s0x3bc2953c7b962c45:0xd2e338474be4878b!8m2!3d18.4478906!4d73.820876!16s%2Fg%2F11csb15snb!19sChIJRSyWezyVwjsRi4fkS0c449I?authuser=0&hl=en&rclk=1","Perfecto Robotics Private Limited","4.6","(20)","Automation company","·","B8, Shreya Business Hub","Closed","· Opens 9 am Tue","http://www.perfectorobotics.com/","","Website","","Directions","·","097113 67382","https://ssl.gstatic.com/local/servicebusiness/default_user.png","""Very innovative and creative team.""","",""
"https://www.google.com/maps/place/Pentagon+Assembly+Automation+Pvt+Ltd.,+Unit+I/data=!4m7!3m6!1s0x3bc2b92b209eeb5f:0xf025e988762adc33!8m2!3d18.6549696!4d73.7930125!16s%2Fg%2F11k3th9qpc!19sChIJX-ueICu5wjsRM9wqdojpJfA?authuser=0&hl=en&rclk=1","Pentagon Assembly Automation Pvt Ltd., Unit I","4.7","(15)","Industrial equipment supplier","·","Plot 15/A ,15/A part","","","http://www.pentagonassembly.com/","","Website","","Directions","","020 6630 2970","https://ssl.gstatic.com/local/servicebusiness/default_user.png","""Industrial automation machine for automobile, pharma , medical.""","",""
"https://www.google.com/maps/place/AlfaOne+Technologies+Pvt.+Ltd./data=!4m7!3m6!1s0x3bc2eabbc4ec30cd:0x4e3d43a26b6def7d!8m2!3d18.4901334!4d73.8571809!16s%2Fg%2F11c4b6rhjg!19sChIJzTDsxLvqwjsRfe9ta6JDPU4?authuser=0&hl=en&rclk=1","AlfaOne Technologies Pvt. Ltd.","4.5","(25)","Home automation company","·","44, Electronic Co-Op. Estate, Satara Road, opposite Utsav Hotel","Closed","· Opens 10 am Tue","","","Directions","","","","","","","",""
"https://www.google.com/maps/place/Softcon+Systems+Private+Limited/data=!4m7!3m6!1s0x3bc2b989e3703be7:0xc462cb22a90722ae!8m2!3d18.6206818!4d73.7466434!16s%2Fg%2F11gzdh_5c!19sChIJ5ztw44m5wjsRriIHqSLLYsQ?authuser=0&hl=en&rclk=1","Softcon Systems Private Limited","4.3","(67)","Automation company","·","S. No. 80/02, Off Mumbai- Bangalore Highway, Tathawade, next to JSPM Campus","Closed","· Opens 9 am Tue","http://www.snautomation.co.in/","","Website","","Directions","·","088888 25314","https://ssl.gstatic.com/local/servicebusiness/default_user.png","""Best company in the field of","","industrial Automation"
"https://www.google.com/maps/place/The+World+of+Automation-HVAC,+Industrial+Automation+PLC,SCADA,SERVO,+AutoCAD,Eplan+Training+Institute+in+Pune/data=!4m7!3m6!1s0x3bc2c1be59badf4b:0xc4c5c2512f6b98dd!8m2!3d18.5173127!4d73.8415572!16s%2Fg%2F11qh65yv9b!19sChIJS9-6Wb7BwjsR3ZhrL1HCxcQ?authuser=0&hl=en&rclk=1","The World of Automation-HVAC, Industrial Automation PLC,SCADA,SERVO, AutoCAD,Eplan Training Institute in Pune","4.9","(578)","Training center","·","Office No-13/14,3Rd Floor, Fergusson College Rd, opp. Cafe Goodluck, above Tiranga Hotel","Closed","· Opens 10 am Tue","","","","","Directions","·","098222 94913","","","",""
"https://www.google.com/maps/place/SUSAN+AUTOMATIONS+INDIA+PRIVATE+LIMITED/data=!4m7!3m6!1s0x3bc2bfe41c382c71:0x88391b25c056e128!8m2!3d18.5193054!4d73.7783982!16s%2Fg%2F11qntrc2d4!19sChIJcSw4HOS_wjsRKOFWwCUbOYg?authuser=0&hl=en&rclk=1","SUSAN AUTOMATIONS INDIA PRIVATE LIMITED","5.0","(1)","Industrial equipment supplier","·","30, Dr. Homi Bhabha Rd","Closed","· Opens 9:30 am Tue","http://www.ensoautomationindia.com/","","Directions","","Website","·","070660 37953","","Online appointments","","On-site services not available"
"https://www.google.com/maps/place/Enso+Automation+Pvt.Ltd/data=!4m7!3m6!1s0x3bc2b9ba30466e01:0x9372f4055dc307f9!8m2!3d18.5953428!4d73.7600288!16s%2Fg%2F11ng0m8qf5!19sChIJAW5GMLq5wjsR-QfDXQX0cpM?authuser=0&hl=en&rclk=1","Enso Automation Pvt.Ltd","4.5","(2)","Automation company","·","WING-B, Enso, House 15","Closed","· Opens 9 am Tue","http://www.ensoautomationindia.com/","","Website","","Directions","","","","","",""
"https://www.google.com/maps/place/Rajdeep+Automation/data=!4m7!3m6!1s0x3bc29572a806617b:0x652a8a79078c3ff0!8m2!3d18.4576094!4d73.8066848!16s%2Fg%2F1tfpy92d!19sChIJe2EGqHKVwjsR8D-MB3mKKmU?authuser=0&hl=en&rclk=1","Rajdeep Automation","4.0","(25)","Automation company","·","143, Sinhagad Road Dhayri, Sinhagad Road Vadgaon Dhayari","Closed","· Opens 9:15 am Tue","","","","","Directions","·","020 2439 3755","https://ssl.gstatic.com/local/servicebusiness/default_user.png","""Nice company....""","",""
"https://www.google.com/maps/place/Master+Automation+And+Robotics+Private+Limited/data=!4m7!3m6!1s0x3bc2c78c00000001:0x4c7343b7f6f6a53b!8m2!3d18.6411121!4d73.8301975!16s%2Fg%2F1tf46lr3!19sChIJAQAAAIzHwjsRO6X29rdDc0w?authuser=0&hl=en&rclk=1","Master Automation And Robotics Private Limited","4.6","(7)","Material handling equipment supplier","·","J-523, M I D C, Bhosari, Opposite Dairy Tops, Bhosari","Closed","· Opens 8 am Tue","http://laquantatechnology.com/","","Directions","","Website","·","020 2543 8525","https://ssl.gstatic.com/local/servicebusiness/default_user.png","""Nice company....""","",""
"https://www.google.com/maps/place/Kuksons+Electronics+Private+Limited,+Bhosari/data=!4m7!3m6!1s0x3bc2c065a7c56561:0x7a93cc4d06cb12aa!8m2!3d18.6407778!4d73.8338481!16s%2Fg%2F1tkbwp31!19sChIJYWXFp2XAwjsRqhLLBk3Mk3o?authuser=0&hl=en&rclk=1","Kuksons Electronics Private Limited, Bhosari","3.6","(116)","Automation company","·","Unit 14, Electronic Sadan III","Closed","· Opens 9 am Tue","https://kuksons.com/m/contact.html","","Website","","Directions","·","020 3054 6106","","","",""
"https://www.google.com/maps/place/SL+Tech+Automation/data=!4m7!3m6!1s0x3bc2b769937d3f1d:0x954a8e1e83cc1cdd!8m2!3d18.6757383!4d73.7887493!16s%2Fg%2F11n0kbpw7v!19sChIJHT99k2m3wjsR3RzMgx6OSpU?authuser=0&hl=en&rclk=1","SL Tech Automation","4.6","(14)","Automation company","·","Haveli, Gat No.162B, Tower Line, Tal, near Avishkar Motors","Closed","· Opens 8 am Tue","http://www.sltechindia.com/","","Website","","Directions","·","099229 29776","https://ssl.gstatic.com/local/servicebusiness/default_user.png","""Very innovative and creative team.""","",""
"https://www.google.com/maps/place/Pentagon+Assembly+Automation+Pvt+Ltd.,+Unit+I/data=!4m7!3m6!1s0x3bc2b92b209eeb5f:0xf025e988762adc33!8m2!3d18.6549696!4d73.7930125!16s%2Fg%2F11k3th9qpc!19sChIJX-ueICu5wjsRM9wqdojpJfA?authuser=0&hl=en&rclk=1","Pentagon Assembly Automation Pvt Ltd., Unit I","4.7","(15)","Industrial equipment supplier","·","Plot 15/A ,15/A part","","","","","","","Directions","","020 6630 2970","","","",""
"https://www.google.com/maps/place/AlfaOne+Technologies+Pvt.+Ltd./data=!4m7!3m6!1s0x3bc2eabbc4ec30cd:0x4e3d43a26b6def7d!8m2!3d18.4901334!4d73.8571809!16s%2Fg%2F11c4b6rhjg!19sChIJzTDsxLvqwjsRfe9ta6JDPU4?authuser=0&hl=en&rclk=1","AlfaOne Technologies Pvt. Ltd.","4.5","(25)","Home automation company","·","44, Electronic Co-Op. Estate, Satara Road, opposite Utsav Hotel","Closed","· Opens 10 am Tue","https://www.google.com/aclk?sa=L&ai=DChsSEwiw3Ofg0LGUAxXP_0wCHfRvF6AYACICCAEQARoCdG0&co=1&ase=2&gclid=Cj0KCQjw_IXQBhCkARIsADqELbLv7MaX9mlIWItWq50Pp1tC2t5wTbkMOPAuk5FhP5Fu0lbuoS9BYDkaAp2LEALw_wcB&cid=CAAS0wHkaPo0_gPXdysjV3gvHgnAw-Bsjx-wgN3M88TNvQmBqzi8UemXXqV2yk4RGhf2QgxXEGvLFkLq_OjoDqWvuFzH9R6IY2K9KVc1j8thxt4KGb1rXzYcaFi8OgRXRVQpQS8GAmA6dAH_FXf7jXdRwj7QjvOqKGGKOvzIkWm-5ItUU-f__A5fNyUFJGJZvG4p-znR3VWmy8nx8nrubS8Suqu7aJIB-FbeboJcWOVXNbrhlCKbbKEuEhvWmAanpBgJGmOp4I5aLv4dcUqYFGYycZz2FeJ5&cce=2&category=acrcp_v1_32&sig=AOD64_2u5T5cDRLEtEIQ3bt469K1m1HKCA&adurl&q&ctype=99&nis=6","","Directions","","Website","","","","","",""
"https://www.google.com/maps/place/DNYAN+Automation+Private+Limited/data=!4m7!3m6!1s0x3bc2c1ccfe014515:0x8fa9e2418ca44ea9!8m2!3d18.5032413!4d73.9227631!16s%2Fg%2F11j0td_j2v!19sChIJFUUB_szBwjsRqU6kjEHiqY8?authuser=0&hl=en&rclk=1","DNYAN Automation Private Limited","5.0","(6)","Automation company","·","B- 11, Shivam Complex Shankarmath 411013, Solapur - Pune Hwy","Closed","· Opens 9 am Tue","http://www.dnyan.co.in/","","Website","","Directions","·","094223 32946","","","",""
"https://www.google.com/maps/place/Virtuoso+Projects+%26+Engineers+Pvt.+Ltd.+%7C+Automation+Company/data=!4m7!3m6!1s0x3bc2c3d805118681:0xa24629139eeec53b!8m2!3d18.5434674!4d73.9362663!16s%2Fg%2F11c1xnvw_2!19sChIJgYYRBdjDwjsRO8XunhMpRqI?authuser=0&hl=en&rclk=1","Virtuoso Projects & Engineers Pvt. Ltd. | Automation Company","4.0","(157)","Automation company","·","·","Closed","· Opens 9:30 am Tue","https://www.vpel.in/","","Website","","Directions","108, 109, Mundhwa - Kharadi Rd, next to Columbia Asia Hospital","083800 96751","","On-site services","","Online appointments"
"https://www.google.com/maps/place/Autobot+Systems+And+Automation-Robot+Torch+Cleaning+Station%2FAutomatic+Torch+Cleaning+Station+Manufacturer+in+India/data=!4m7!3m6!1s0x3bc2b835288df34b:0x84a2fec4e604e9f4!8m2!3d18.6811044!4d73.7910443!16s%2Fg%2F11b77vbws8!19sChIJS_ONKDW4wjsR9OkE5sT-ooQ?authuser=0&hl=en&rclk=1","Autobot Systems And Automation-Robot Torch Cleaning Station/Automatic Torch Cleaning Station Manufacturer in India","4.7","(26)","Automation company","·","Gat no 117, Talawade Rd, opposite Pandurang Hotel","Closed","· Opens 9:30 am Tue","http://www.autobotsystems.com/","","Website","","Directions","·","084463 64335","https://ssl.gstatic.com/local/servicebusiness/default_user.png","""Great team and good technical capabilities.""","",""
"https://www.google.com/maps/place/Nutech+Industrial+Automation/data=!4m7!3m6!1s0x3bc2b93e58db6fcb:0x7149a80b79501080!8m2!3d18.6252291!4d73.8071289!16s%2Fg%2F11gvcwk50z!19sChIJy2_bWD65wjsRgBBQeQuoSXE?authuser=0&hl=en&rclk=1","Nutech Industrial Automation","5.0","(7)","Industrial equipment supplier","·","Shop #3, Jhamtani Chambers Nr, chowk, Old Mumbai - Pune Hwy","Closed","· Opens 10 am Tue","","","Directions","","","·","078880 08701","https://ssl.gstatic.com/local/servicebusiness/default_user.png","""Prompt reply and very nice pricing.""","",""
"https://www.google.com/maps/place/Render+Automation+Private+Limited/data=!4m7!3m6!1s0x3bc2eac27e4b6efd:0x8269401f0598caa5!8m2!3d18.4497048!4d73.841689!16s%2Fg%2F11h91qnbj3!19sChIJ_W5LfsLqwjsRpcqYBR9AaYI?authuser=0&hl=en&rclk=1","Render Automation Private Limited","5.0","(9)","Industrial equipment supplier","·","PRISTINE PACIFIC, Office No: 1&2,Survey No 39/11A","Closed","· Opens 10 am Tue","http://www.rendertechindia.com/","","Website","","Directions","·","086980 09335","https://ssl.gstatic.com/local/servicebusiness/default_user.png","""Fast Response & Great service""","",""
"https://www.google.com/maps/place/iAutomation+Training+Hub+-+Pune/data=!4m7!3m6!1s0x3bc2bf0cee4ec0a9:0xf269c6d50e1c415f!8m2!3d18.5180107!4d73.8420672!16s%2Fg%2F11ynzms62j!19sChIJqcBO7gy_wjsRX0EcDtXGafI?authuser=0&hl=en&rclk=1","iAutomation Training Hub - Pune","4.8","(205)","Training center","·","·","Closed","· Opens 10:15 am Tue","https://www.iautomationtraininghub.com/","","Website","","Directions","3rd floor, Office 26-27, Fergusson College Road Deccan Gymkhana Cafe Goodluck Chowk Sagar Arcade, above Metro Shoes, opposite Westside Mall","070830 73434","https://ssl.gstatic.com/local/servicebusiness/default_user.png","""... feel much better prepared for a career in","","industrial automation"
"https://www.google.com/maps/place/BBS+Automation+India+Pvt+Ltd/data=!4m7!3m6!1s0x3bc2b9cbdb496b19:0xf740b7c8cf9b3ea0!8m2!3d18.6418554!4d73.8335174!16s%2Fg%2F11q35y1bmm!19sChIJGWtJ28u5wjsRoD6bz8i3QPc?authuser=0&hl=en&rclk=1","BBS Automation India Pvt Ltd","4.6","(8)","Automation company","·","·","Closed","· Opens 9 am Tue","http://www.bbsautomation.com/","","Website","","Directions","PCNDTA Sector No 7, Plot No 18/11","","","","",""
"https://www.google.com/maps/place/Robo+Sapiens+Automation/data=!4m7!3m6!1s0x3bc2bf6a12c155eb:0xce1cdfc68409c192!8m2!3d18.5128611!4d73.815596!16s%2Fg%2F11h7zbw4qs!19sChIJ61XBEmq_wjsRksEJhMbfHM4?authuser=0&hl=en&rclk=1","Robo Sapiens Automation","4.6","(11)","Automation company","·","8A, Ratnaprabha Society, 67","Open 24 hours","","http://robosapiensautomation.com/","","Website","","Directions","·","090759 50000","","","",""
"https://www.google.com/maps/place/S-TECH+AUTOMATION+SYSTEMS+-Vacuum%2FFlow+Tester,Sealing+Connector+Manufacturer+Pune%7CIndia,Leak+Tester%2FTesting+Machine+In+Pune/data=!4m7!3m6!1s0x3bc2b87d332a691d:0xab1a26bca4690f4!8m2!3d18.6354061!4d73.8281237!16s%2Fg%2F11sjlwzxzn!19sChIJHWkqM324wjsR9JBGymuisQo?authuser=0&hl=en&rclk=1","S-TECH AUTOMATION SYSTEMS -Vacuum/Flow Tester,Sealing Connector Manufacturer Pune|India,Leak Tester/Testing Machine In Pune","4.4","(20)","Automation company","·","BLOCK NUMBER J BLOCK, SHOP NO 05 PLOT NO J, PAP-123, 124","Closed","· Opens 9:30 am Tue","https://www.stechautomation.in/","","Website","","Directions","·","098601 50299","","","",""
"https://www.google.com/maps/place/Garud+Automation/data=!4m7!3m6!1s0x3bc2953fff9756df:0x7e425f9ce4c375c0!8m2!3d18.4424464!4d73.8249323!16s%2Fg%2F11j8k8dyfb!19sChIJ31aX_z-VwjsRwHXD5JxfQn4?authuser=0&hl=en&rclk=1","Garud Automation","4.7","(6)","Industrial equipment supplier","·","No. 27, 1, Narhe Industrial Estate Rd","Closed","· Opens 9 am Tue","https://www.garudautomation.com/index.html","","Website","","Directions","·","096046 82845","https://ssl.gstatic.com/local/servicebusiness/default_user.png","""Good company for customised industrial automation and material handling.""","",""
"https://www.google.com/maps/place/TRIZ+Automations+%26+Robotics+Pvt.+Ltd.+-+Best+Automations+%26+Robotics+in+Pune+India/data=!4m7!3m6!1s0x3bc2ecc6abffffff:0xf2c6badef969b98f!8m2!3d18.3636861!4d73.8522505!16s%2Fg%2F11tk24d0vg!19sChIJ____q8bswjsRj7lp-d66xvI?authuser=0&hl=en&rclk=1","TRIZ Automations & Robotics Pvt. Ltd. - Best Automations & Robotics in Pune India","4.9","(17)","Automation company","·","Taluka - Bhor, Banglore Highway","Closed","· Opens 9 am Tue","http://www.trizsystems.com/","","Website","","Directions","·","096231 35885","https://ssl.gstatic.com/local/servicebusiness/default_user.png","""We highly recommend TRIZ for","","industrial"
"https://www.google.com/maps/place/SP+Engineers+Pune+-+Plant+1/data=!4m7!3m6!1s0x3bc2b70ae8f00a1f:0x4f1ad5057f0f077!8m2!3d18.6872909!4d73.792801!16s%2Fg%2F1ydpv9j61!19sChIJHwrw6Aq3wjsRd_DwV1Ct8QQ?authuser=0&hl=en&rclk=1","SP Engineers Pune - Plant 1","4.6","(91)","Automation company","·","·","Closed","· Opens 10 am Tue","http://www.spengineerspune.com/","","Website","","Directions","No, 73(A, Gat, Plot 17, Sonawane Wasti Rd","089563 21653","https://ssl.gstatic.com/local/servicebusiness/default_user.png","""Excellent products
Experienced Team
Exceptional service!""","",""
"https://www.google.com/maps/place/General+Industrial+Controls+Private+Limited+%28+GIC+%29/data=!4m7!3m6!1s0x3bc2b9c745555555:0xe9364b8b778438c6!8m2!3d18.6257204!4d73.8284128!16s%2Fg%2F1tdp81xv!19sChIJVVVVRce5wjsRxjiEd4tLNuk?authuser=0&hl=en&rclk=1","General Industrial Controls Private Limited ( GIC )","4.3","(172)","Electronics Company","·","·","Closed","· Opens 9 am Tue","https://www.gicindia.com/","","Website","","Directions","T - 107","","","On-site services","",""
"https://www.google.com/maps/place/Just+Engineering+Pvt.Ltd.-+PLC,+SCADA,+Automation+Training+Institute+Pimpri-Chinchwad/data=!4m7!3m6!1s0x3bc2b9252bbe3773:0x32bd13da63a69f64!8m2!3d18.6398822!4d73.7936151!16s%2Fg%2F11g0mhv60c!19sChIJcze-KyW5wjsRZJ-mY9oTvTI?authuser=0&hl=en&rclk=1","Just Engineering Pvt.Ltd.- PLC, SCADA, Automation Training Institute Pimpri-Chinchwad","4.8","(288)","Training center","·","2nd Floor, F.M.City Centre, Above TJSB Bank, Opposite Raka Gas Agency, Chinchwad Station, Chowk, Old Mumbai - Pune Hwy","Closed","· Opens 10 am Tue","https://www.justengg.com/","","Website","","Directions","·","098229 07307","https://ssl.gstatic.com/local/servicebusiness/default_user.png","""Highly recommended for anyone interested in","","industrial automation"
"https://www.google.com/maps/place/SUYASH+TECHNOLOGIES+%7C+Siemens+PLC+and+VFD+Supplier+and+Dealer/data=!4m7!3m6!1s0x3bc2bf24611ca1ad:0xdaa7756ace512787!8m2!3d18.5148823!4d73.7607212!16s%2Fg%2F11fkn0fytl!19sChIJraEcYSS_wjsRhydRzmp1p9o?authuser=0&hl=en&rclk=1","SUYASH TECHNOLOGIES | Siemens PLC and VFD Supplier and Dealer","4.3","(9)","Industrial equipment supplier","·","Unnamed Road","Closed","· Opens 9:30 am Tue","http://suyashtechnologies.com/","","Website","","Directions","·","074474 56055","https://ssl.gstatic.com/local/servicebusiness/default_user.png","""Strongly recommend for","","industrial automation"
"https://www.google.com/maps/place/CYGNII+Automation+Pvt.+Ltd./data=!4m7!3m6!1s0x3bc2b7536bc8b86b:0x8fb7b65aea4ed456!8m2!3d18.6310186!4d73.837786!16s%2Fg%2F11rh_6b83_!19sChIJa7jIa1O3wjsRVtRO6lq2t48?authuser=0&hl=en&rclk=1","CYGNII Automation Pvt. Ltd.","4.9","(7)","Automation company","·","W-84","Closed","· Opens 8 am Tue","http://cygnii.com/","","Website","","Directions","·","086000 25628","","On-site services","","Online appointments"